,index,name,full_name,score
0,642,258.pdf,train/258.pdf,0.3949731162819867
1,13,1225.pdf,train/1225.pdf,0.37474391335140605
2,1367,1820.pdf,train/1820.pdf,0.3414752395268891
3,470,2214.pdf,train/2214.pdf,0.33783309109269594
4,838,1270.pdf,train/1270.pdf,0.3306826889516182
5,934,2026.pdf,train/2026.pdf,0.32960223036855457
6,835,2221.pdf,train/2221.pdf,0.327112700429083
7,359,1939.pdf,train/1939.pdf,0.3234663451544084
8,527,1522.pdf,train/1522.pdf,0.3216912641746853
9,1307,1789.pdf,train/1789.pdf,0.31384985389504916
10,128,2303.pdf,train/2303.pdf,0.3098466664237768
11,177,204.pdf,train/204.pdf,0.30839309902201845
12,1437,86.pdf,train/86.pdf,0.30275520349993285
13,207,827.pdf,train/827.pdf,0.29946554051373614
14,96,1030.pdf,train/1030.pdf,0.29567295303766694
15,1489,179.pdf,train/179.pdf,0.2953311653608656
16,492,470.pdf,train/470.pdf,0.2927531775504186
17,1025,709.pdf,train/709.pdf,0.29197872934906
18,505,1132.pdf,train/1132.pdf,0.29105252819123895
19,1143,1364.pdf,train/1364.pdf,0.29004223883138686
20,963,1856.pdf,train/1856.pdf,0.289652352794792
21,360,513.pdf,train/513.pdf,0.28778078781029065
22,839,1516.pdf,train/1516.pdf,0.2875794714469408
23,1137,627.pdf,train/627.pdf,0.28739091129821226
24,786,321.pdf,train/321.pdf,0.2848352203633606
25,1245,354.pdf,train/354.pdf,0.2848308424053426
26,658,933.pdf,train/933.pdf,0.2841057460075698
27,1284,2055.pdf,train/2055.pdf,0.2836651051462867
28,449,1079.pdf,train/1079.pdf,0.28235901828043314
29,791,862.pdf,train/862.pdf,0.27996990672025185
30,1326,1014.pdf,train/1014.pdf,0.2765250779796604
31,72,1542.pdf,train/1542.pdf,0.27620840804086233
32,656,1294.pdf,train/1294.pdf,0.27210970719705735
33,493,464.pdf,train/464.pdf,0.2719301577559529
34,904,1503.pdf,train/1503.pdf,0.2716828550176181
35,763,446.pdf,train/446.pdf,0.2702462367750203
36,1481,810.pdf,train/810.pdf,0.2698132841836684
37,892,849.pdf,train/849.pdf,0.2694376145130102
38,308,1624.pdf,train/1624.pdf,0.26889498647818744
39,852,684.pdf,train/684.pdf,0.26734541087080904
40,298,818.pdf,train/818.pdf,0.26618740682721864
41,289,165.pdf,train/165.pdf,0.2660612967633369
42,665,112.pdf,train/112.pdf,0.26453592879169746
43,907,732.pdf,train/732.pdf,0.2640081781381785
44,356,212.pdf,train/212.pdf,0.261981140780636
45,1200,1952.pdf,train/1952.pdf,0.26182776157020415
46,92,1959.pdf,train/1959.pdf,0.2616711305021075
47,685,488.pdf,train/488.pdf,0.2599794777283547
48,374,1291.pdf,train/1291.pdf,0.2599319111267905
49,1272,1372.pdf,train/1372.pdf,0.2598393823084715
50,1043,872.pdf,train/872.pdf,0.2596621727960597
51,1061,480.pdf,train/480.pdf,0.2593958053309323
52,782,309.pdf,train/309.pdf,0.25764757844874325
53,1475,1823.pdf,train/1823.pdf,0.25713603062849194
54,740,1059.pdf,train/1059.pdf,0.25658487728855
55,421,2389.pdf,train/2389.pdf,0.256446323293922
56,983,455.pdf,train/455.pdf,0.2564082096941531
57,457,274.pdf,train/274.pdf,0.25609801587153946
58,1290,786.pdf,train/786.pdf,0.25606884519280343
59,1376,1.pdf,train/1.pdf,0.2546899374102056
60,1413,1956.pdf,train/1956.pdf,0.25449524390444805
61,600,1679.pdf,train/1679.pdf,0.2544311612519468
62,402,473.pdf,train/473.pdf,0.2532890392127982
63,355,1792.pdf,train/1792.pdf,0.25276050888392754
64,375,739.pdf,train/739.pdf,0.25173528405655754
65,1211,208.pdf,train/208.pdf,0.25164268228225567
66,313,2310.pdf,train/2310.pdf,0.251628497892389
67,1403,1029.pdf,train/1029.pdf,0.25118258425859274
68,1156,1199.pdf,train/1199.pdf,0.2509526412702962
69,89,201.pdf,train/201.pdf,0.2508427060326322
70,1365,344.pdf,train/344.pdf,0.2506356553486085
71,859,445.pdf,train/445.pdf,0.2502312261938757
72,1405,230.pdf,train/230.pdf,0.25005479870459196
73,818,296.pdf,train/296.pdf,0.24974011282071662
74,353,1779.pdf,train/1779.pdf,0.24960052511337688
75,380,936.pdf,train/936.pdf,0.24921605108792494
76,583,475.pdf,train/475.pdf,0.2491429621245777
77,393,1440.pdf,train/1440.pdf,0.24887817400724355
78,489,2176.pdf,train/2176.pdf,0.24840246521878062
79,694,1444.pdf,train/1444.pdf,0.24777625338479645
80,448,2216.pdf,train/2216.pdf,0.2473455475741894
81,1141,1416.pdf,train/1416.pdf,0.24703440331250215
82,894,1463.pdf,train/1463.pdf,0.2468602104691731
83,1451,346.pdf,train/346.pdf,0.24670188386088326
84,1412,2287.pdf,train/2287.pdf,0.24656582545116032
85,266,1975.pdf,train/1975.pdf,0.24640161572246472
86,883,450.pdf,train/450.pdf,0.24632511564715728
87,240,66.pdf,train/66.pdf,0.24626300836857057
88,1058,1896.pdf,train/1896.pdf,0.24605922506375044
89,1462,391.pdf,train/391.pdf,0.24577603318336175
90,140,1186.pdf,train/1186.pdf,0.24574518772069992
91,1517,2292.pdf,train/2292.pdf,0.2456574368306998
92,610,2172.pdf,train/2172.pdf,0.2453309236300283
93,1450,1822.pdf,train/1822.pdf,0.24532214831081475
94,1069,1673.pdf,train/1673.pdf,0.24483187661067823
95,758,23.pdf,train/23.pdf,0.24470080153105725
96,777,1886.pdf,train/1886.pdf,0.2446271114109926
97,916,281.pdf,train/281.pdf,0.2444784347297396
98,405,1865.pdf,train/1865.pdf,0.2444512046671446
99,1296,745.pdf,train/745.pdf,0.24437875481793694
100,1236,1367.pdf,train/1367.pdf,0.244153396313103
101,197,1551.pdf,train/1551.pdf,0.24393204802286525
102,110,2129.pdf,train/2129.pdf,0.24383504094993513
103,1034,2019.pdf,train/2019.pdf,0.24369341904033526
104,1471,1638.pdf,train/1638.pdf,0.24365298695759915
105,342,2099.pdf,train/2099.pdf,0.24362412919989201
106,559,703.pdf,train/703.pdf,0.2435367874787388
107,788,2155.pdf,train/2155.pdf,0.24341684194873342
108,853,34.pdf,train/34.pdf,0.2430518253736153
109,1115,237.pdf,train/237.pdf,0.24283531601341865
110,879,478.pdf,train/478.pdf,0.24260061819198545
111,1005,1076.pdf,train/1076.pdf,0.24250103017083996
112,148,189.pdf,train/189.pdf,0.24245532765129682
113,156,2060.pdf,train/2060.pdf,0.2423839189470428
114,973,483.pdf,train/483.pdf,0.24224720256311605
115,1138,83.pdf,train/83.pdf,0.2420511906484778
116,1250,397.pdf,train/397.pdf,0.24201557096323592
117,1283,976.pdf,train/976.pdf,0.24175899730263933
118,60,808.pdf,train/808.pdf,0.24160898187549765
119,44,1608.pdf,train/1608.pdf,0.24155071420469088
120,105,956.pdf,train/956.pdf,0.24153492852600109
121,946,31.pdf,train/31.pdf,0.24147524522628422
122,216,1828.pdf,train/1828.pdf,0.24138013674588166
123,536,1708.pdf,train/1708.pdf,0.24102500931534948
124,834,294.pdf,train/294.pdf,0.2403205141022604
125,1329,741.pdf,train/741.pdf,0.24025280905019208
126,225,1168.pdf,train/1168.pdf,0.23984627384587545
127,203,73.pdf,train/73.pdf,0.2397239002714401
128,722,2213.pdf,train/2213.pdf,0.23969076514097015
129,1247,1824.pdf,train/1824.pdf,0.23947391186697098
130,1055,331.pdf,train/331.pdf,0.23926696891715982
131,780,1662.pdf,train/1662.pdf,0.2392386792479729
132,942,1507.pdf,train/1507.pdf,0.23918862530495116
133,819,269.pdf,train/269.pdf,0.23877929576218954
134,285,978.pdf,train/978.pdf,0.23872756875685153
135,82,1998.pdf,train/1998.pdf,0.23870082065538573
136,612,689.pdf,train/689.pdf,0.23866871271610532
137,507,2349.pdf,train/2349.pdf,0.23862223292982201
138,348,1751.pdf,train/1751.pdf,0.23857575721924645
139,1415,226.pdf,train/226.pdf,0.23846764800015965
140,210,1357.pdf,train/1357.pdf,0.2384657542787412
141,1220,988.pdf,train/988.pdf,0.2383915031816154
142,1244,432.pdf,train/432.pdf,0.23791207731408276
143,136,348.pdf,train/348.pdf,0.23767474759783463
144,774,2342.pdf,train/2342.pdf,0.23709326379074455
145,1507,1002.pdf,train/1002.pdf,0.23675096563241899
146,876,1675.pdf,train/1675.pdf,0.23658459921618022
147,1470,2331.pdf,train/2331.pdf,0.23649618789639223
148,481,2189.pdf,train/2189.pdf,0.2364231638324191
149,131,2316.pdf,train/2316.pdf,0.23637215471253972
150,625,716.pdf,train/716.pdf,0.23633193051882243
151,520,673.pdf,train/673.pdf,0.2361880072834168
152,337,1221.pdf,train/1221.pdf,0.2361015510273254
153,790,36.pdf,train/36.pdf,0.23591122496617017
154,955,19.pdf,train/19.pdf,0.23586780167052734
155,1274,180.pdf,train/180.pdf,0.23572442154669984
156,419,1870.pdf,train/1870.pdf,0.23570684829997274
157,296,58.pdf,train/58.pdf,0.23553521419507117
158,478,1245.pdf,train/1245.pdf,0.23549113665100213
159,319,1802.pdf,train/1802.pdf,0.23535209439939903
160,265,2298.pdf,train/2298.pdf,0.235142546103575
161,74,1581.pdf,train/1581.pdf,0.23511836181144896
162,1111,522.pdf,train/522.pdf,0.23504047378640894
163,1067,481.pdf,train/481.pdf,0.23491968545037883
164,1384,1565.pdf,train/1565.pdf,0.23491931603288785
165,1082,697.pdf,train/697.pdf,0.23482889413230418
166,919,1926.pdf,train/1926.pdf,0.23461439045208504
167,1439,144.pdf,train/144.pdf,0.2345647702941638
168,1369,185.pdf,train/185.pdf,0.23439078174014646
169,1125,1990.pdf,train/1990.pdf,0.23437955778482986
170,825,525.pdf,train/525.pdf,0.23437169931981508
171,713,1518.pdf,train/1518.pdf,0.2341030234353687
172,514,854.pdf,train/854.pdf,0.23391999650643505
173,277,2265.pdf,train/2265.pdf,0.2334782263361697
174,757,1307.pdf,train/1307.pdf,0.23331863755379884
175,553,273.pdf,train/273.pdf,0.23330576121410526
176,1203,1946.pdf,train/1946.pdf,0.23321674617616817
177,331,602.pdf,train/602.pdf,0.23319137707884685
178,1334,782.pdf,train/782.pdf,0.23305530993007556
179,980,1658.pdf,train/1658.pdf,0.23291948743669463
180,1270,816.pdf,train/816.pdf,0.23274177462823087
181,584,1687.pdf,train/1687.pdf,0.23262945238720478
182,486,869.pdf,train/869.pdf,0.2325756804250387
183,65,175.pdf,train/175.pdf,0.23255708100729328
184,626,1282.pdf,train/1282.pdf,0.2323620691112348
185,1091,654.pdf,train/654.pdf,0.23225375851766047
186,840,1502.pdf,train/1502.pdf,0.23225090679901053
187,132,1637.pdf,train/1637.pdf,0.23212581627258577
188,54,74.pdf,train/74.pdf,0.23160276796545495
189,1519,569.pdf,train/569.pdf,0.23134042283973735
190,215,1182.pdf,train/1182.pdf,0.2312368141057289
191,151,1347.pdf,train/1347.pdf,0.2310170294119548
192,357,1976.pdf,train/1976.pdf,0.2307830999172197
193,260,2273.pdf,train/2273.pdf,0.2306268741593239
194,280,777.pdf,train/777.pdf,0.23059072205586853
195,1064,494.pdf,train/494.pdf,0.23031138821104738
196,945,2152.pdf,train/2152.pdf,0.23013737000023632
197,1165,2308.pdf,train/2308.pdf,0.2298514334534505
198,1054,325.pdf,train/325.pdf,0.22980364056751185
199,1234,195.pdf,train/195.pdf,0.2297803415703628
200,85,571.pdf,train/571.pdf,0.22974621605547424
201,1083,2178.pdf,train/2178.pdf,0.22950391145640384
202,1194,1749.pdf,train/1749.pdf,0.22928584314857686
203,1262,341.pdf,train/341.pdf,0.22922611342107865
204,426,2174.pdf,train/2174.pdf,0.22922195189827224
205,737,1065.pdf,train/1065.pdf,0.2288868625272125
206,1373,1405.pdf,train/1405.pdf,0.2287168753149348
207,201,98.pdf,train/98.pdf,0.22857105702809433
208,545,1085.pdf,train/1085.pdf,0.22844693704075375
209,636,514.pdf,train/514.pdf,0.22814358576171273
210,1044,1458.pdf,train/1458.pdf,0.2280060706993423
211,914,1701.pdf,train/1701.pdf,0.22799533895883395
212,1387,783.pdf,train/783.pdf,0.2278830978663862
213,525,920.pdf,train/920.pdf,0.2278028410114754
214,388,1483.pdf,train/1483.pdf,0.22764646706150354
215,702,1493.pdf,train/1493.pdf,0.227222695118582
216,1410,1954.pdf,train/1954.pdf,0.22712152893111764
217,1515,1957.pdf,train/1957.pdf,0.22699063453212934
218,682,489.pdf,train/489.pdf,0.22696594105073367
219,256,1746.pdf,train/1746.pdf,0.2269609408288574
220,639,528.pdf,train/528.pdf,0.22678282292590732
221,551,1095.pdf,train/1095.pdf,0.22646126257591262
222,368,1722.pdf,train/1722.pdf,0.22623705563298607
223,232,359.pdf,train/359.pdf,0.22614550482493692
224,871,2341.pdf,train/2341.pdf,0.2260359898814572
225,1278,1366.pdf,train/1366.pdf,0.22592898285100455
226,3,1741.pdf,train/1741.pdf,0.22573916800557306
227,414,499.pdf,train/499.pdf,0.22560804676503374
228,480,672.pdf,train/672.pdf,0.2255737782666154
229,252,952.pdf,train/952.pdf,0.22544633783950985
230,1077,1868.pdf,train/1868.pdf,0.22538605913352977
231,923,1088.pdf,train/1088.pdf,0.22529359205800933
232,244,1395.pdf,train/1395.pdf,0.22515139490215919
233,336,979.pdf,train/979.pdf,0.22513365339459662
234,627,702.pdf,train/702.pdf,0.22513270196478147
235,995,131.pdf,train/131.pdf,0.22508495665849956
236,677,1690.pdf,train/1690.pdf,0.22507647481655346
237,1014,1935.pdf,train/1935.pdf,0.22492375125044686
238,181,1784.pdf,train/1784.pdf,0.22491999203463472
239,867,2355.pdf,train/2355.pdf,0.2248494690164513
240,35,362.pdf,train/362.pdf,0.22474125371035023
241,1096,668.pdf,train/668.pdf,0.2247068872889453
242,321,1427.pdf,train/1427.pdf,0.22453085139114673
243,992,870.pdf,train/870.pdf,0.22451646792135796
244,350,1745.pdf,train/1745.pdf,0.2244809190343767
245,1280,143.pdf,train/143.pdf,0.22435183736585623
246,674,462.pdf,train/462.pdf,0.22428766330954247
247,292,64.pdf,train/64.pdf,0.22397041615991964
248,1103,720.pdf,train/720.pdf,0.22385847851137672
249,1206,236.pdf,train/236.pdf,0.22385832894579713
250,729,1901.pdf,train/1901.pdf,0.2238404496944964
251,1468,384.pdf,train/384.pdf,0.22377729479451716
252,247,629.pdf,train/629.pdf,0.2237767421514845
253,79,1754.pdf,train/1754.pdf,0.22373144793880972
254,455,260.pdf,train/260.pdf,0.22368184545312347
255,1364,2332.pdf,train/2332.pdf,0.22365373336874728
256,885,21.pdf,train/21.pdf,0.22361951622078358
257,1190,1588.pdf,train/1588.pdf,0.22355492678927244
258,974,1670.pdf,train/1670.pdf,0.22339921997485543
259,1407,542.pdf,train/542.pdf,0.223202209068026
260,540,1734.pdf,train/1734.pdf,0.222929512566938
261,1399,1015.pdf,train/1015.pdf,0.2228995069389676
262,1414,540.pdf,train/540.pdf,0.22289712571755405
263,1215,1993.pdf,train/1993.pdf,0.22279231409528888
264,990,1328.pdf,train/1328.pdf,0.22263743117332271
265,645,264.pdf,train/264.pdf,0.2225742107874691
266,66,161.pdf,train/161.pdf,0.22254158028735013
267,1163,1629.pdf,train/1629.pdf,0.2225337421923401
268,1024,1712.pdf,train/1712.pdf,0.22252529211054667
269,1257,1616.pdf,train/1616.pdf,0.22251502590190614
270,948,25.pdf,train/25.pdf,0.22237866960529842
271,1160,1600.pdf,train/1600.pdf,0.22224268891825077
272,981,327.pdf,train/327.pdf,0.22199674809228973
273,1267,42.pdf,train/42.pdf,0.2219910261226552
274,1056,457.pdf,train/457.pdf,0.22197012348346185
275,127,1178.pdf,train/1178.pdf,0.22187337724547176
276,2,1999.pdf,train/1999.pdf,0.22185583529783892
277,1121,1760.pdf,train/1760.pdf,0.22172850008208214
278,498,1127.pdf,train/1127.pdf,0.22165497836615802
279,997,1506.pdf,train/1506.pdf,0.22148050289507817
280,297,1354.pdf,train/1354.pdf,0.22147125909291
281,200,172.pdf,train/172.pdf,0.22141101855417875
282,118,413.pdf,train/413.pdf,0.22126357621658424
283,897,2195.pdf,train/2195.pdf,0.22117794471282326
284,1323,1982.pdf,train/1982.pdf,0.22117509304808222
285,275,1778.pdf,train/1778.pdf,0.22103166312795436
286,1031,906.pdf,train/906.pdf,0.22089468545639543
287,332,1396.pdf,train/1396.pdf,0.22066481352960335
288,529,1250.pdf,train/1250.pdf,0.22062511011339314
289,494,302.pdf,train/302.pdf,0.22058090996102925
290,943,656.pdf,train/656.pdf,0.22040864573982358
291,86,1783.pdf,train/1783.pdf,0.22027303123425276
292,1079,318.pdf,train/318.pdf,0.22009877958222038
293,546,511.pdf,train/511.pdf,0.2198441494823232
294,506,1654.pdf,train/1654.pdf,0.21984360408800033
295,728,1915.pdf,train/1915.pdf,0.21945759956675168
296,221,1633.pdf,train/1633.pdf,0.2192748299313676
297,1392,973.pdf,train/973.pdf,0.21923822671026683
298,70,2077.pdf,train/2077.pdf,0.2192155219599348
299,673,1860.pdf,train/1860.pdf,0.21916328520905912
300,1449,1188.pdf,train/1188.pdf,0.2190213256521787
301,741,718.pdf,train/718.pdf,0.2188104855085388
302,1499,757.pdf,train/757.pdf,0.21862156398878224
303,1166,1167.pdf,train/1167.pdf,0.21830875337073138
304,372,711.pdf,train/711.pdf,0.21830666840192553
305,548,1091.pdf,train/1091.pdf,0.21830548843392367
306,63,1436.pdf,train/1436.pdf,0.21828213911858635
307,869,1648.pdf,train/1648.pdf,0.2182501521217792
308,949,1329.pdf,train/1329.pdf,0.21801168041468597
309,1023,286.pdf,train/286.pdf,0.2179306224900781
310,1177,69.pdf,train/69.pdf,0.21790473066956426
311,909,2234.pdf,train/2234.pdf,0.21786008164067436
312,1040,133.pdf,train/133.pdf,0.2178516240180992
313,789,876.pdf,train/876.pdf,0.21768454919400643
314,832,2209.pdf,train/2209.pdf,0.21749126040170802
315,1132,784.pdf,train/784.pdf,0.21743209916464473
316,699,2165.pdf,train/2165.pdf,0.21738757304246395
317,1273,1414.pdf,train/1414.pdf,0.2173867406436526
318,476,1523.pdf,train/1523.pdf,0.2173266502001492
319,511,471.pdf,train/471.pdf,0.21707389095592267
320,1331,1558.pdf,train/1558.pdf,0.2170165764331494
321,223,1626.pdf,train/1626.pdf,0.21696202444205154
322,693,1322.pdf,train/1322.pdf,0.21689583468582913
323,752,678.pdf,train/678.pdf,0.21686922785487692
324,937,911.pdf,train/911.pdf,0.21684824269346709
325,528,908.pdf,train/908.pdf,0.21681190931929953
326,424,300.pdf,train/300.pdf,0.21675964081976112
327,149,837.pdf,train/837.pdf,0.21669596216454737
328,1514,555.pdf,train/555.pdf,0.21662929184939145
329,98,598.pdf,train/598.pdf,0.21662554409330123
330,440,2000.pdf,train/2000.pdf,0.21658230214880136
331,1378,146.pdf,train/146.pdf,0.2165552888222328
332,1420,1003.pdf,train/1003.pdf,0.21637410413750735
333,1511,541.pdf,train/541.pdf,0.21616090885367722
334,811,719.pdf,train/719.pdf,0.21582232695458708
335,866,1674.pdf,train/1674.pdf,0.21577354414582
336,1371,1377.pdf,train/1377.pdf,0.21572499276947635
337,629,1043.pdf,train/1043.pdf,0.21567423873759933
338,1050,319.pdf,train/319.pdf,0.21555962435073053
339,953,1301.pdf,train/1301.pdf,0.21552718178674446
340,144,63.pdf,train/63.pdf,0.21546932785693604
341,1195,1991.pdf,train/1991.pdf,0.2153835861529543
342,1066,495.pdf,train/495.pdf,0.2153580725621037
343,56,2117.pdf,train/2117.pdf,0.21506070727953253
344,855,2157.pdf,train/2157.pdf,0.2150597531401733
345,566,1254.pdf,train/1254.pdf,0.21503655958632978
346,249,1222.pdf,train/1222.pdf,0.21495904613815497
347,532,1293.pdf,train/1293.pdf,0.2149503868745308
348,1305,209.pdf,train/209.pdf,0.21495003491419692
349,1161,1166.pdf,train/1166.pdf,0.21470501666031508
350,1202,578.pdf,train/578.pdf,0.2146424693070302
351,756,1461.pdf,train/1461.pdf,0.2145830364972126
352,1424,1598.pdf,train/1598.pdf,0.21455619233977669
353,1146,196.pdf,train/196.pdf,0.2145506147754244
354,1035,1510.pdf,train/1510.pdf,0.21452723629934
355,1260,1602.pdf,train/1602.pdf,0.21450782880352867
356,1144,68.pdf,train/68.pdf,0.21438284277726474
357,881,1846.pdf,train/1846.pdf,0.214173061302963
358,1454,2324.pdf,train/2324.pdf,0.2137945467655056
359,1228,630.pdf,train/630.pdf,0.21373109115602462
360,567,1240.pdf,train/1240.pdf,0.21347513362395765
361,864,1106.pdf,train/1106.pdf,0.21315762138330507
362,1352,190.pdf,train/190.pdf,0.2131504654388402
363,271,1787.pdf,train/1787.pdf,0.21307309306017252
364,129,2302.pdf,train/2302.pdf,0.2130374977892961
365,882,444.pdf,train/444.pdf,0.2130297590862842
366,863,492.pdf,train/492.pdf,0.21301593038831226
367,19,2062.pdf,train/2062.pdf,0.21292153560339622
368,717,1054.pdf,train/1054.pdf,0.21281866731226495
369,159,1233.pdf,train/1233.pdf,0.2126919943401802
370,1281,157.pdf,train/157.pdf,0.21266177849652412
371,534,288.pdf,train/288.pdf,0.21264479107793394
372,29,2102.pdf,train/2102.pdf,0.2126020333556756
373,587,461.pdf,train/461.pdf,0.2125800056675794
374,604,1686.pdf,train/1686.pdf,0.21252597969008674
375,927,252.pdf,train/252.pdf,0.21244876629788323
376,1019,2227.pdf,train/2227.pdf,0.21206982127902982
377,829,280.pdf,train/280.pdf,0.21200722938301397
378,340,789.pdf,train/789.pdf,0.21198299093499545
379,1255,2323.pdf,train/2323.pdf,0.211838054067241
380,422,314.pdf,train/314.pdf,0.2118194586903859
381,1465,1604.pdf,train/1604.pdf,0.21181331667967698
382,322,819.pdf,train/819.pdf,0.21164628480181452
383,204,2110.pdf,train/2110.pdf,0.21156994324636885
384,1216,2242.pdf,train/2242.pdf,0.2114385114006809
385,886,875.pdf,train/875.pdf,0.21134098462495995
386,228,1197.pdf,train/1197.pdf,0.21124721600658303
387,765,1878.pdf,train/1878.pdf,0.21114276854009975
388,323,1433.pdf,train/1433.pdf,0.21113024806078132
389,669,1323.pdf,train/1323.pdf,0.21110739695047492
390,1360,392.pdf,train/392.pdf,0.21102875585275727
391,1212,2295.pdf,train/2295.pdf,0.21102298139612383
392,734,1930.pdf,train/1930.pdf,0.21095505823473515
393,227,2313.pdf,train/2313.pdf,0.2108748104758213
394,473,712.pdf,train/712.pdf,0.21083013113503957
395,179,576.pdf,train/576.pdf,0.2107333288643757
396,845,647.pdf,train/647.pdf,0.21063969865094348
397,387,117.pdf,train/117.pdf,0.21058540380640078
398,1252,1617.pdf,train/1617.pdf,0.2104033146773652
399,1229,624.pdf,train/624.pdf,0.2103555098173204
400,451,1723.pdf,train/1723.pdf,0.21029962694311335
401,1311,219.pdf,train/219.pdf,0.21027718235637588
402,320,1816.pdf,train/1816.pdf,0.21018724206894437
403,401,467.pdf,train/467.pdf,0.2101857619624591
404,310,1631.pdf,train/1631.pdf,0.21017470238045347
405,1350,46.pdf,train/46.pdf,0.21016970350543107
406,569,111.pdf,train/111.pdf,0.21009519511364808
407,634,299.pdf,train/299.pdf,0.2100669564540786
408,1308,1979.pdf,train/1979.pdf,0.2099872800244213
409,1100,1263.pdf,train/1263.pdf,0.209945779931253
410,1246,340.pdf,train/340.pdf,0.20990774184787503
411,1078,2391.pdf,train/2391.pdf,0.20985084287977965
412,1071,2352.pdf,train/2352.pdf,0.20977052430456858
413,675,1848.pdf,train/1848.pdf,0.2096613464052482
414,966,326.pdf,train/326.pdf,0.20959237366853806
415,50,377.pdf,train/377.pdf,0.20951141588741717
416,1173,1359.pdf,train/1359.pdf,0.2094776869049102
417,488,855.pdf,train/855.pdf,0.20944473565029526
418,57,2103.pdf,train/2103.pdf,0.209433508797037
419,309,1143.pdf,train/1143.pdf,0.20936922394000118
420,1435,1215.pdf,train/1215.pdf,0.20935891685045996
421,213,358.pdf,train/358.pdf,0.209248531312534
422,1497,970.pdf,train/970.pdf,0.2091696672374911
423,787,447.pdf,train/447.pdf,0.20913370865080383
424,846,109.pdf,train/109.pdf,0.20907725610487976
425,442,1535.pdf,train/1535.pdf,0.20885939459227618
426,822,255.pdf,train/255.pdf,0.20881927538611134
427,1416,2250.pdf,train/2250.pdf,0.20875810624769922
428,928,2224.pdf,train/2224.pdf,0.2086247304870752
429,616,1490.pdf,train/1490.pdf,0.20860297667919667
430,605,879.pdf,train/879.pdf,0.20858492487897543
431,1464,1162.pdf,train/1162.pdf,0.20852990781919037
432,1442,2126.pdf,train/2126.pdf,0.20833552908766154
433,1053,1869.pdf,train/1869.pdf,0.20832971493623476
434,1328,769.pdf,train/769.pdf,0.20823552306191334
435,1492,1200.pdf,train/1200.pdf,0.20819544931835846
436,778,2357.pdf,train/2357.pdf,0.2080573389589627
437,1508,2245.pdf,train/2245.pdf,0.20803542344792217
438,1164,395.pdf,train/395.pdf,0.20799311522340724
439,971,1665.pdf,train/1665.pdf,0.20789722672909375
440,1127,747.pdf,train/747.pdf,0.20788950373939136
441,248,1544.pdf,train/1544.pdf,0.20785429194078175
442,956,681.pdf,train/681.pdf,0.20778627559673316
443,1060,1114.pdf,train/1114.pdf,0.2077277885523886
444,212,1814.pdf,train/1814.pdf,0.20767306453175402
445,1409,1798.pdf,train/1798.pdf,0.20761146323967666
446,619,138.pdf,train/138.pdf,0.20759847371445644
447,4,1755.pdf,train/1755.pdf,0.20757818924682422
448,632,2210.pdf,train/2210.pdf,0.2073924298543756
449,1516,2286.pdf,train/2286.pdf,0.20735948560971146
450,954,695.pdf,train/695.pdf,0.20724635704763475
451,614,2199.pdf,train/2199.pdf,0.20723508829703122
452,588,1678.pdf,train/1678.pdf,0.20719549726628733
453,733,268.pdf,train/268.pdf,0.2070731922056702
454,621,1533.pdf,train/1533.pdf,0.20705252543120511
455,1344,147.pdf,train/147.pdf,0.20697170223068137
456,328,65.pdf,train/65.pdf,0.20680907442279
457,349,1989.pdf,train/1989.pdf,0.2067946931274477
458,431,1327.pdf,train/1327.pdf,0.20674613499780753
459,1485,637.pdf,train/637.pdf,0.20673659200422348
460,618,110.pdf,train/110.pdf,0.20656381402626386
461,558,1724.pdf,train/1724.pdf,0.20648414919547273
462,435,880.pdf,train/880.pdf,0.20645311908372885
463,1269,1428.pdf,train/1428.pdf,0.20626413864565857
464,1128,2094.pdf,train/2094.pdf,0.2062629641448262
465,958,859.pdf,train/859.pdf,0.20621054113103343
466,288,603.pdf,train/603.pdf,0.20620043714641467
467,186,1021.pdf,train/1021.pdf,0.20619317340704094
468,1018,2233.pdf,train/2233.pdf,0.20618619629600693
469,462,1084.pdf,train/1084.pdf,0.20616825440501732
470,697,852.pdf,train/852.pdf,0.2061612889457222
471,1506,596.pdf,train/596.pdf,0.20614360292456851
472,683,1646.pdf,train/1646.pdf,0.20613565885245708
473,1355,423.pdf,train/423.pdf,0.20609379300818514
474,101,1554.pdf,train/1554.pdf,0.20607735403601435
475,1219,744.pdf,train/744.pdf,0.20599178463879952
476,692,1875.pdf,train/1875.pdf,0.2059841104684513
477,1172,815.pdf,train/815.pdf,0.20592105851484538
478,1322,2253.pdf,train/2253.pdf,0.2059013239254472
479,1353,2119.pdf,train/2119.pdf,0.20578231148640577
480,671,1874.pdf,train/1874.pdf,0.2057714286830237
481,509,303.pdf,train/303.pdf,0.20552623386509103
482,836,2235.pdf,train/2235.pdf,0.20545367265086098
483,1213,1011.pdf,train/1011.pdf,0.205448531559965
484,295,830.pdf,train/830.pdf,0.2053528446797935
485,1461,1163.pdf,train/1163.pdf,0.20515197018420722
486,1062,1672.pdf,train/1672.pdf,0.2051307902961427
487,254,1593.pdf,train/1593.pdf,0.20511824378206597
488,872,2340.pdf,train/2340.pdf,0.2051006494150255
489,205,2104.pdf,train/2104.pdf,0.20508338441624865
490,547,277.pdf,train/277.pdf,0.2049952330628789
491,367,1911.pdf,train/1911.pdf,0.20497479228182555
492,160,980.pdf,train/980.pdf,0.20496965844801301
493,1253,1159.pdf,train/1159.pdf,0.2049060797631733
494,905,1271.pdf,train/1271.pdf,0.20482385887965945
495,873,1891.pdf,train/1891.pdf,0.2046033269939467
496,1494,1566.pdf,train/1566.pdf,0.2045921087988109
497,1325,580.pdf,train/580.pdf,0.2045618239241917
498,1088,2144.pdf,train/2144.pdf,0.2045505636303091
499,1157,1614.pdf,train/1614.pdf,0.20448529133001347
500,1266,802.pdf,train/802.pdf,0.20446781458154167
501,363,507.pdf,train/507.pdf,0.20428914277358742
502,1130,948.pdf,train/948.pdf,0.20425940428356504
503,47,1152.pdf,train/1152.pdf,0.20422718628811026
504,988,1300.pdf,train/1300.pdf,0.20422186118257848
505,1092,132.pdf,train/132.pdf,0.20418740250853798
506,1140,169.pdf,train/169.pdf,0.20415833225530447
507,80,1026.pdf,train/1026.pdf,0.20413387166170224
508,283,1220.pdf,train/1220.pdf,0.20405098986952216
509,1469,1610.pdf,train/1610.pdf,0.20394340450854484
510,500,1655.pdf,train/1655.pdf,0.20385753369381698
511,1310,2284.pdf,train/2284.pdf,0.20385352203434842
512,258,1034.pdf,train/1034.pdf,0.20383063184384362
513,1074,1897.pdf,train/1897.pdf,0.2037782408192416
514,1059,2347.pdf,train/2347.pdf,0.20375771428640055
515,1176,829.pdf,train/829.pdf,0.20375436041552344
516,7,1769.pdf,train/1769.pdf,0.2037143613095701
517,22,612.pdf,train/612.pdf,0.20370837075330323
518,182,2266.pdf,train/2266.pdf,0.2036601324766476
519,644,270.pdf,train/270.pdf,0.20365922064304035
520,1021,1706.pdf,train/1706.pdf,0.20361880458973008
521,986,858.pdf,train/858.pdf,0.20359923620937087
522,1261,1825.pdf,train/1825.pdf,0.20359473562618174
523,1113,278.pdf,train/278.pdf,0.20352696535818407
524,307,1156.pdf,train/1156.pdf,0.20347648868810986
525,769,2395.pdf,train/2395.pdf,0.20339611628699925
526,807,1272.pdf,train/1272.pdf,0.2032973636062406
527,1512,227.pdf,train/227.pdf,0.20328741712967177
528,764,452.pdf,train/452.pdf,0.20324438479162962
529,884,2142.pdf,train/2142.pdf,0.20322580532133114
530,163,764.pdf,train/764.pdf,0.2031893928702538
531,1484,2127.pdf,train/2127.pdf,0.20318272152668526
532,169,2289.pdf,train/2289.pdf,0.20317375046357627
533,533,707.pdf,train/707.pdf,0.20302269246445223
534,1361,1174.pdf,train/1174.pdf,0.20301835904649307
535,1345,621.pdf,train/621.pdf,0.20263255471654135
536,153,1390.pdf,train/1390.pdf,0.20253845475323698
537,61,1344.pdf,train/1344.pdf,0.20245764366323363
538,453,1904.pdf,train/1904.pdf,0.20244121289701125
539,239,826.pdf,train/826.pdf,0.2024132471572215
540,167,2262.pdf,train/2262.pdf,0.2023140057190415
541,563,930.pdf,train/930.pdf,0.20230650106623635
542,52,1191.pdf,train/1191.pdf,0.20225495295885365
543,102,1226.pdf,train/1226.pdf,0.20224133859080204
544,714,1295.pdf,train/1295.pdf,0.20219910844448125
545,936,1249.pdf,train/1249.pdf,0.20206692701613713
546,646,1928.pdf,train/1928.pdf,0.2020312831640439
547,429,1469.pdf,train/1469.pdf,0.2019893836109307
548,1038,899.pdf,train/899.pdf,0.20195535948173368
549,69,798.pdf,train/798.pdf,0.2018161564897981
550,206,67.pdf,train/67.pdf,0.20180362725085943
551,1037,127.pdf,train/127.pdf,0.20177146547242844
552,315,414.pdf,train/414.pdf,0.2017523561945094
553,112,1352.pdf,train/1352.pdf,0.20172309562156973
554,1286,792.pdf,train/792.pdf,0.20171431898274098
555,379,1252.pdf,train/1252.pdf,0.2016946728098673
556,730,254.pdf,train/254.pdf,0.20169020547390268
557,162,770.pdf,train/770.pdf,0.20155395634800732
558,1388,1217.pdf,train/1217.pdf,0.20153471574721885
559,218,2306.pdf,train/2306.pdf,0.201525220774419
560,581,1863.pdf,train/1863.pdf,0.201486482464961
561,255,991.pdf,train/991.pdf,0.2014692603474009
562,761,1449.pdf,train/1449.pdf,0.2014204018020457
563,55,1378.pdf,train/1378.pdf,0.2014101883960987
564,951,2146.pdf,train/2146.pdf,0.20135544926764948
565,589,2371.pdf,train/2371.pdf,0.20133598298466712
566,602,474.pdf,train/474.pdf,0.2012906181878933
567,1225,1561.pdf,train/1561.pdf,0.20127250613321868
568,1428,2052.pdf,train/2052.pdf,0.20119858825527465
569,1242,1429.pdf,train/1429.pdf,0.2011755541803339
570,994,125.pdf,train/125.pdf,0.20116115295423856
571,574,688.pdf,train/688.pdf,0.2011338290061512
572,564,2013.pdf,train/2013.pdf,0.20111119661758903
573,541,1052.pdf,train/1052.pdf,0.20107093772874762
574,1473,421.pdf,train/421.pdf,0.20106555074419427
575,930,1077.pdf,train/1077.pdf,0.20105020443475322
576,1155,1827.pdf,train/1827.pdf,0.2010455795744307
577,1084,873.pdf,train/873.pdf,0.20102550505214808
578,1486,145.pdf,train/145.pdf,0.2009748112539856
579,577,1446.pdf,train/1446.pdf,0.20096466035750007
580,16,955.pdf,train/955.pdf,0.200915869940584
581,972,1117.pdf,train/1117.pdf,0.20088072993171321
582,623,2006.pdf,train/2006.pdf,0.20087307225528264
583,354,206.pdf,train/206.pdf,0.20084992162901924
584,1042,866.pdf,train/866.pdf,0.20081859089959633
585,458,1086.pdf,train/1086.pdf,0.20080260979134426
586,891,685.pdf,train/685.pdf,0.20071955268996464
587,176,1790.pdf,train/1790.pdf,0.20071398208931673
588,984,333.pdf,train/333.pdf,0.2005686242086112
589,1441,45.pdf,train/45.pdf,0.2003802492382502
590,234,1801.pdf,train/1801.pdf,0.2003225412503759
591,294,70.pdf,train/70.pdf,0.2003122441560148
592,358,1962.pdf,train/1962.pdf,0.2003034416845308
593,1385,1203.pdf,train/1203.pdf,0.2002676017590159
594,1347,812.pdf,train/812.pdf,0.20023255855789146
595,1174,2136.pdf,train/2136.pdf,0.20017274080308695
596,1456,2330.pdf,train/2330.pdf,0.20016096481622142
597,147,2114.pdf,train/2114.pdf,0.20007805719094254
598,847,1489.pdf,train/1489.pdf,0.2000379064985171
599,1080,1854.pdf,train/1854.pdf,0.2000140136607846
600,712,2011.pdf,train/2011.pdf,0.1999428783538525
601,666,1486.pdf,train/1486.pdf,0.19986853555043768
602,611,851.pdf,train/851.pdf,0.1997839599020694
603,502,1669.pdf,train/1669.pdf,0.1995257572440989
604,469,1709.pdf,train/1709.pdf,0.19926718468312843
605,1243,2120.pdf,train/2120.pdf,0.19924206450415202
606,138,406.pdf,train/406.pdf,0.19909303947054557
607,1313,1799.pdf,train/1799.pdf,0.19906260325776975
608,246,173.pdf,train/173.pdf,0.19904473740756265
609,425,466.pdf,train/466.pdf,0.19893278056158542
610,339,1209.pdf,train/1209.pdf,0.19880714645367087
611,965,332.pdf,train/332.pdf,0.19875083271227295
612,59,60.pdf,train/60.pdf,0.19873009267849523
613,1455,1639.pdf,train/1639.pdf,0.19871811916884102
614,910,1729.pdf,train/1729.pdf,0.19869634525424182
615,828,1099.pdf,train/1099.pdf,0.19860523962491222
616,409,1642.pdf,train/1642.pdf,0.19842359275407861
617,607,1321.pdf,train/1321.pdf,0.19831307884155
618,268,549.pdf,train/549.pdf,0.19825241119941348
619,161,758.pdf,train/758.pdf,0.19816135451713446
620,620,892.pdf,train/892.pdf,0.1981522966423405
621,1151,357.pdf,train/357.pdf,0.19810940475091746
622,194,953.pdf,train/953.pdf,0.19808170756173915
623,746,903.pdf,train/903.pdf,0.1980596093774525
624,1263,427.pdf,train/427.pdf,0.19801814842647028
625,1478,1374.pdf,train/1374.pdf,0.19798830637042342
626,592,1644.pdf,train/1644.pdf,0.1979553850604374
627,597,1645.pdf,train/1645.pdf,0.19784196298238202
628,1312,1955.pdf,train/1955.pdf,0.19782276833006815
629,1366,1808.pdf,train/1808.pdf,0.1977243602038848
630,579,38.pdf,train/38.pdf,0.19771550594959736
631,1028,2031.pdf,train/2031.pdf,0.1977136898819545
632,633,2204.pdf,train/2204.pdf,0.19768592503041826
633,1315,2290.pdf,train/2290.pdf,0.19759645389590996
634,1395,768.pdf,train/768.pdf,0.19756332244338923
635,635,272.pdf,train/272.pdf,0.1975568302761406
636,521,115.pdf,train/115.pdf,0.19742287522754193
637,229,403.pdf,train/403.pdf,0.19740136108546774
638,202,1394.pdf,train/1394.pdf,0.19739018687151313
639,1401,2252.pdf,train/2252.pdf,0.19738263119491767
640,94,1971.pdf,train/1971.pdf,0.19727716967544526
641,1003,290.pdf,train/290.pdf,0.19723980193459625
642,370,2217.pdf,train/2217.pdf,0.19722521628520187
643,805,916.pdf,train/916.pdf,0.19718371172531635
644,398,2175.pdf,train/2175.pdf,0.19716464081926985
645,912,1067.pdf,train/1067.pdf,0.19715878921323224
646,1324,1772.pdf,train/1772.pdf,0.1971316291818115
647,731,1918.pdf,train/1918.pdf,0.19710172843044735
648,599,2370.pdf,train/2370.pdf,0.19704573504063283
649,420,472.pdf,train/472.pdf,0.19702452479369112
650,1333,972.pdf,train/972.pdf,0.1969391829593347
651,606,1447.pdf,train/1447.pdf,0.19691545241964087
652,73,983.pdf,train/983.pdf,0.19691283930013534
653,848,2180.pdf,train/2180.pdf,0.1968699394178543
654,1162,2334.pdf,train/2334.pdf,0.19683281049504311
655,1411,568.pdf,train/568.pdf,0.19681167040011013
656,1472,435.pdf,train/435.pdf,0.1967012759333443
657,174,1960.pdf,train/1960.pdf,0.19652778785690078
658,394,2149.pdf,train/2149.pdf,0.1965211298160976
659,45,2329.pdf,train/2329.pdf,0.19646180998128726
660,1509,1758.pdf,train/1758.pdf,0.19644971994181543
661,743,1273.pdf,train/1273.pdf,0.19642666973393888
662,727,1083.pdf,train/1083.pdf,0.19637417591542145
663,281,2098.pdf,train/2098.pdf,0.19628659778008017
664,724,265.pdf,train/265.pdf,0.1962243588223541
665,1152,431.pdf,train/431.pdf,0.19611855082585594
666,369,1044.pdf,train/1044.pdf,0.19610447920067853
667,399,856.pdf,train/856.pdf,0.19608968271663343
668,537,1046.pdf,train/1046.pdf,0.19607893555594605
669,123,349.pdf,train/349.pdf,0.19607658171619877
670,1087,1459.pdf,train/1459.pdf,0.19602035687653305
671,1167,1173.pdf,train/1173.pdf,0.19600331135677526
672,1501,2090.pdf,train/2090.pdf,0.19596922075177492
673,1359,2327.pdf,train/2327.pdf,0.1958597609887219
674,1093,126.pdf,train/126.pdf,0.19575928072813956
675,1201,2283.pdf,train/2283.pdf,0.19573399590832122
676,119,1839.pdf,train/1839.pdf,0.1957250735702909
677,530,1536.pdf,train/1536.pdf,0.19562243300034401
678,90,215.pdf,train/215.pdf,0.1955639086516457
679,410,2363.pdf,train/2363.pdf,0.19546547722074942
680,257,1752.pdf,train/1752.pdf,0.19542228612002446
681,519,667.pdf,train/667.pdf,0.19531311721596098
682,613,11.pdf,train/11.pdf,0.19526059363068876
683,483,666.pdf,train/666.pdf,0.19524478359364533
684,989,864.pdf,train/864.pdf,0.19521040651087007
685,1108,1707.pdf,train/1707.pdf,0.19512333273090318
686,938,2032.pdf,train/2032.pdf,0.1950981489350702
687,0,1782.pdf,train/1782.pdf,0.1950176095390178
688,1045,1470.pdf,train/1470.pdf,0.19499785969623076
689,935,905.pdf,train/905.pdf,0.19495483104095487
690,484,128.pdf,train/128.pdf,0.19488296440675515
691,385,1497.pdf,train/1497.pdf,0.1948591148595167
692,747,644.pdf,train/644.pdf,0.19484896717072786
693,1022,292.pdf,train/292.pdf,0.19484776335241139
694,1187,1239.pdf,train/1239.pdf,0.19484313021555635
695,193,1579.pdf,train/1579.pdf,0.19481014056591947
696,87,217.pdf,train/217.pdf,0.19480321172228093
697,925,508.pdf,train/508.pdf,0.19475999144520167
698,346,1037.pdf,train/1037.pdf,0.19464020925959574
699,648,2212.pdf,train/2212.pdf,0.19462722024677986
700,1408,2291.pdf,train/2291.pdf,0.1945703081441557
701,83,559.pdf,train/559.pdf,0.19456219680503642
702,479,935.pdf,train/935.pdf,0.19451646934648323
703,364,261.pdf,train/261.pdf,0.19443875613386497
704,171,214.pdf,train/214.pdf,0.1943805245826823
705,150,77.pdf,train/77.pdf,0.19436865890041916
706,99,1583.pdf,train/1583.pdf,0.19434937986562326
707,968,1895.pdf,train/1895.pdf,0.19432268841046765
708,531,713.pdf,train/713.pdf,0.19431311340092672
709,418,1864.pdf,train/1864.pdf,0.19428035199369287
710,341,2072.pdf,train/2072.pdf,0.19424833460490543
711,33,404.pdf,train/404.pdf,0.1941612030549718
712,37,410.pdf,train/410.pdf,0.194127550341259
713,438,1496.pdf,train/1496.pdf,0.19398752527792731
714,768,308.pdf,train/308.pdf,0.19390085832834414
715,17,941.pdf,train/941.pdf,0.19388009112188176
716,1349,2125.pdf,train/2125.pdf,0.1938644545226631
717,854,874.pdf,train/874.pdf,0.19382480530636575
718,767,2381.pdf,train/2381.pdf,0.19380910592207753
719,1032,2025.pdf,train/2025.pdf,0.19351144647451918
720,1052,2390.pdf,train/2390.pdf,0.19341552067142834
721,523,2017.pdf,train/2017.pdf,0.19340567763572616
722,1159,394.pdf,train/394.pdf,0.19335747917001922
723,335,1235.pdf,train/1235.pdf,0.19333091630526444
724,1205,550.pdf,train/550.pdf,0.19331209002364208
725,286,159.pdf,train/159.pdf,0.19328923254762265
726,1427,742.pdf,train/742.pdf,0.19317351477812583
727,491,1682.pdf,train/1682.pdf,0.19311426515562302
728,961,1842.pdf,train/1842.pdf,0.19308651462931722
729,446,1284.pdf,train/1284.pdf,0.1930846072284582
730,326,825.pdf,train/825.pdf,0.19305291144859882
731,230,365.pdf,train/365.pdf,0.19300393255461334
732,122,1805.pdf,train/1805.pdf,0.19299534216059272
733,1227,2054.pdf,train/2054.pdf,0.19295364920380012
734,1503,1770.pdf,train/1770.pdf,0.1929054393063413
735,689,1849.pdf,train/1849.pdf,0.19285365068473817
736,1065,1101.pdf,train/1101.pdf,0.19283549547196754
737,1233,1401.pdf,train/1401.pdf,0.19275021232381842
738,903,2022.pdf,train/2022.pdf,0.1927379513277263
739,1382,608.pdf,train/608.pdf,0.19270871363098674
740,1502,1016.pdf,train/1016.pdf,0.19263028761200568
741,1232,618.pdf,train/618.pdf,0.1925495238448655
742,1358,1148.pdf,train/1148.pdf,0.19251143982750957
743,1114,551.pdf,train/551.pdf,0.19246246493458993
744,748,122.pdf,train/122.pdf,0.1924568171360256
745,1256,2337.pdf,train/2337.pdf,0.1924139424270069
746,657,1519.pdf,train/1519.pdf,0.19239570563856628
747,1145,1402.pdf,train/1402.pdf,0.19238713990117381
748,382,1508.pdf,train/1508.pdf,0.19234119574466438
749,896,1488.pdf,train/1488.pdf,0.1921515487343709
750,1116,223.pdf,train/223.pdf,0.1921319684280907
751,518,1495.pdf,train/1495.pdf,0.19213115969587424
752,1240,5.pdf,train/5.pdf,0.19212656344428006
753,9,772.pdf,train/772.pdf,0.19206938525435208
754,695,2159.pdf,train/2159.pdf,0.19197758349277816
755,316,366.pdf,train/366.pdf,0.19195259097126652
756,325,831.pdf,train/831.pdf,0.19194175196625252
757,1046,2179.pdf,train/2179.pdf,0.19190492719145008
758,624,925.pdf,train/925.pdf,0.19180866304210628
759,554,515.pdf,train/515.pdf,0.1917714864844497
760,270,213.pdf,train/213.pdf,0.19176228201191467
761,1282,631.pdf,train/631.pdf,0.1917450917076271
762,406,329.pdf,train/329.pdf,0.19174308036547663
763,799,1312.pdf,train/1312.pdf,0.191646441000201
764,810,1500.pdf,train/1500.pdf,0.1915324407882089
765,28,1423.pdf,train/1423.pdf,0.19151065871208878
766,672,338.pdf,train/338.pdf,0.19143187332291972
767,1033,1262.pdf,train/1262.pdf,0.1913694936125036
768,1436,781.pdf,train/781.pdf,0.1913671865145216
769,979,1880.pdf,train/1880.pdf,0.19135107545901262
770,1510,1980.pdf,train/1980.pdf,0.1912926085491986
771,931,1711.pdf,train/1711.pdf,0.19117514996797452
772,1332,2051.pdf,train/2051.pdf,0.19113217175197145
773,932,2218.pdf,train/2218.pdf,0.1911076034447157
774,1330,966.pdf,train/966.pdf,0.19104137397287274
775,895,2181.pdf,train/2181.pdf,0.19103745277044543
776,152,604.pdf,train/604.pdf,0.19103609741566746
777,1417,1759.pdf,train/1759.pdf,0.1910130219075042
778,1268,2121.pdf,train/2121.pdf,0.19093095384271963
779,417,328.pdf,train/328.pdf,0.19093016060919277
780,259,588.pdf,train/588.pdf,0.19085635834057765
781,1374,807.pdf,train/807.pdf,0.19079172236445008
782,137,360.pdf,train/360.pdf,0.19065083259806276
783,475,1537.pdf,train/1537.pdf,0.19064437146300925
784,868,1884.pdf,train/1884.pdf,0.1906211994695047
785,538,2229.pdf,train/2229.pdf,0.1906002304191561
786,580,1452.pdf,train/1452.pdf,0.19058802455207582
787,6,2260.pdf,train/2260.pdf,0.19058348059879485
788,222,1632.pdf,train/1632.pdf,0.19057535385440147
789,539,1720.pdf,train/1720.pdf,0.1905734698093803
790,164,2276.pdf,train/2276.pdf,0.1905317409916493
791,116,62.pdf,train/62.pdf,0.19052542211793372
792,865,486.pdf,train/486.pdf,0.19048497283110585
793,1217,2256.pdf,train/2256.pdf,0.19044930368422383
794,716,715.pdf,train/715.pdf,0.19034269739866358
795,1368,1411.pdf,train/1411.pdf,0.19016318820015798
796,450,1051.pdf,train/1051.pdf,0.190138911514248
797,1004,1704.pdf,train/1704.pdf,0.1900816341773734
798,800,2182.pdf,train/2182.pdf,0.19006102770623823
799,817,282.pdf,train/282.pdf,0.1898491895431384
800,870,1890.pdf,train/1890.pdf,0.18982298288477373
801,691,339.pdf,train/339.pdf,0.18981649889785182
802,1335,1570.pdf,train/1570.pdf,0.18978322734189626
803,1285,962.pdf,train/962.pdf,0.18966646337782014
804,826,531.pdf,train/531.pdf,0.18961706900595088
805,704,891.pdf,train/891.pdf,0.1895931571840972
806,261,2267.pdf,train/2267.pdf,0.18952758609168338
807,601,1692.pdf,train/1692.pdf,0.18951486212272586
808,1445,187.pdf,train/187.pdf,0.18947683603985765
809,522,2188.pdf,train/2188.pdf,0.18945447737428986
810,770,1677.pdf,train/1677.pdf,0.189404024039266
811,427,857.pdf,train/857.pdf,0.18937887600693748
812,187,990.pdf,train/990.pdf,0.18935677397400372
813,46,1620.pdf,train/1620.pdf,0.18933008095406145
814,274,207.pdf,train/207.pdf,0.18925717139578888
815,1147,40.pdf,train/40.pdf,0.1892304494510653
816,812,725.pdf,train/725.pdf,0.18921033174039625
817,361,1087.pdf,train/1087.pdf,0.18920208573352387
818,856,2143.pdf,train/2143.pdf,0.18916019044691104
819,272,561.pdf,train/561.pdf,0.18915676480015828
820,750,888.pdf,train/888.pdf,0.1891094935880016
821,1375,813.pdf,train/813.pdf,0.18908706939673176
822,439,1509.pdf,train/1509.pdf,0.1890837291367322
823,797,692.pdf,train/692.pdf,0.18903816863107128
824,236,1424.pdf,train/1424.pdf,0.1889356082851946
825,113,1434.pdf,train/1434.pdf,0.18890625095666613
826,698,2171.pdf,train/2171.pdf,0.18886994363574142
827,978,1894.pdf,train/1894.pdf,0.18883815075120264
828,329,1382.pdf,train/1382.pdf,0.1887171426848288
829,1000,910.pdf,train/910.pdf,0.188699969143163
830,1444,839.pdf,train/839.pdf,0.18863716742924547
831,279,993.pdf,train/993.pdf,0.18841947099456488
832,804,902.pdf,train/902.pdf,0.18839480493046784
833,155,2074.pdf,train/2074.pdf,0.1882923464612003
834,653,1055.pdf,train/1055.pdf,0.18809286516872883
835,400,301.pdf,train/301.pdf,0.18809023717716875
836,1209,552.pdf,train/552.pdf,0.18797638124408472
837,1466,390.pdf,train/390.pdf,0.18790604089197507
838,659,927.pdf,train/927.pdf,0.18781384325819434
839,5,2274.pdf,train/2274.pdf,0.18777544661265752
840,1457,1611.pdf,train/1611.pdf,0.1877646143891925
841,1338,796.pdf,train/796.pdf,0.18761434912619948
842,1302,1004.pdf,train/1004.pdf,0.18758511100177108
843,1487,93.pdf,train/93.pdf,0.18757801605587263
844,844,121.pdf,train/121.pdf,0.18737672147588028
845,571,663.pdf,train/663.pdf,0.18733765799681665
846,939,1513.pdf,train/1513.pdf,0.18721145637831768
847,1426,756.pdf,train/756.pdf,0.18712712353557215
848,38,1806.pdf,train/1806.pdf,0.1870798999496243
849,1049,2384.pdf,train/2384.pdf,0.18706279044951957
850,1214,1777.pdf,train/1777.pdf,0.18700863597485654
851,42,1609.pdf,train/1609.pdf,0.18700278655186459
852,43,2301.pdf,train/2301.pdf,0.1869912486309909
853,343,1590.pdf,train/1590.pdf,0.18698415582903294
854,1362,1175.pdf,train/1175.pdf,0.18698134502155755
855,365,249.pdf,train/249.pdf,0.18694996400170535
856,1189,2081.pdf,train/2081.pdf,0.18692891416706173
857,392,1332.pdf,train/1332.pdf,0.18691604767617334
858,1029,1538.pdf,train/1538.pdf,0.18677414220540003
859,920,1932.pdf,train/1932.pdf,0.18669825530366738
860,543,1913.pdf,train/1913.pdf,0.18667572664364157
861,516,883.pdf,train/883.pdf,0.18660625384394022
862,306,1630.pdf,train/1630.pdf,0.1865528841793494
863,1238,181.pdf,train/181.pdf,0.18645473992101702
864,304,2311.pdf,train/2311.pdf,0.18645433120662652
865,775,1139.pdf,train/1139.pdf,0.18637421040950128
866,1204,222.pdf,train/222.pdf,0.186359629097174
867,582,1877.pdf,train/1877.pdf,0.18620626318695924
868,824,243.pdf,train/243.pdf,0.18585455916642007
869,598,2364.pdf,train/2364.pdf,0.1856999635050757
870,738,1717.pdf,train/1717.pdf,0.1856761654007481
871,386,103.pdf,train/103.pdf,0.1855875596872899
872,1015,537.pdf,train/537.pdf,0.18558510000038086
873,8,1580.pdf,train/1580.pdf,0.1854375765325835
874,596,1123.pdf,train/1123.pdf,0.18541753851653414
875,1013,1937.pdf,train/1937.pdf,0.18540966354138833
876,1184,626.pdf,train/626.pdf,0.18539070436007438
877,264,1791.pdf,train/1791.pdf,0.18535039727953515
878,317,400.pdf,train/400.pdf,0.1852554223891208
879,436,116.pdf,train/116.pdf,0.18519012725786213
880,1297,1986.pdf,train/1986.pdf,0.18516735211420352
881,887,35.pdf,train/35.pdf,0.18507322845260155
882,1099,1511.pdf,train/1511.pdf,0.18505925331793288
883,1030,912.pdf,train/912.pdf,0.18492374664585656
884,209,2138.pdf,train/2138.pdf,0.184864254876528
885,1348,1438.pdf,train/1438.pdf,0.1848380835765948
886,957,1315.pdf,train/1315.pdf,0.18482000049847114
887,1168,1615.pdf,train/1615.pdf,0.18476274100891427
888,183,1009.pdf,train/1009.pdf,0.18473261283724163
889,1498,2053.pdf,train/2053.pdf,0.18467802759357352
890,1181,1371.pdf,train/1371.pdf,0.18466371189252817
891,814,2223.pdf,train/2223.pdf,0.18459828570182504
892,706,2039.pdf,train/2039.pdf,0.18453724635268431
893,14,1557.pdf,train/1557.pdf,0.18449434658666847
894,1480,186.pdf,train/186.pdf,0.18444511624767834
895,371,1285.pdf,train/1285.pdf,0.18439634749851672
896,224,1140.pdf,train/1140.pdf,0.18439453591185273
897,924,1936.pdf,train/1936.pdf,0.18433388494735217
898,911,2220.pdf,train/2220.pdf,0.18421066633832128
899,510,317.pdf,train/317.pdf,0.18414093217119978
900,71,1218.pdf,train/1218.pdf,0.18413137879544517
901,1518,1943.pdf,train/1943.pdf,0.18403224660951933
902,1504,2279.pdf,train/2279.pdf,0.1839885784376765
903,243,601.pdf,train/601.pdf,0.18395342794241293
904,32,835.pdf,train/835.pdf,0.1839144935811996
905,1020,1048.pdf,train/1048.pdf,0.183832095799189
906,452,1045.pdf,train/1045.pdf,0.18378403445734132
907,977,2345.pdf,train/2345.pdf,0.18377205282481202
908,1477,838.pdf,train/838.pdf,0.18369584385954518
909,278,1750.pdf,train/1750.pdf,0.1836691583234302
910,708,1524.pdf,train/1524.pdf,0.18366136109815168
911,686,2367.pdf,train/2367.pdf,0.183520515882133
912,681,2372.pdf,train/2372.pdf,0.18351916116231667
913,542,1907.pdf,train/1907.pdf,0.18350886906489447
914,1394,754.pdf,train/754.pdf,0.18345607669132208
915,1513,233.pdf,train/233.pdf,0.1833322739456668
916,759,863.pdf,train/863.pdf,0.18331032537178632
917,1148,814.pdf,train/814.pdf,0.1833058636554003
918,940,1275.pdf,train/1275.pdf,0.18324618884843288
919,219,1141.pdf,train/1141.pdf,0.18324160551495955
920,1188,785.pdf,train/785.pdf,0.1832074076488834
921,24,148.pdf,train/148.pdf,0.18318210302607552
922,723,1929.pdf,train/1929.pdf,0.18315963889677303
923,857,20.pdf,train/20.pdf,0.18314195827145308
924,549,1917.pdf,train/1917.pdf,0.1831321149112767
925,404,1681.pdf,train/1681.pdf,0.18300577092478046
926,1095,898.pdf,train/898.pdf,0.18298556532937207
927,1398,1773.pdf,train/1773.pdf,0.18287569830928413
928,158,1541.pdf,train/1541.pdf,0.18264109632086825
929,133,1151.pdf,train/1151.pdf,0.18259274675057183
930,273,1793.pdf,train/1793.pdf,0.18256624769199786
931,11,1543.pdf,train/1543.pdf,0.18246560616554505
932,1488,87.pdf,train/87.pdf,0.18231720256745293
933,572,2173.pdf,train/2173.pdf,0.1822342214215659
934,351,1023.pdf,train/1023.pdf,0.182185976523793
935,874,2354.pdf,train/2354.pdf,0.18211852650098434
936,1406,224.pdf,train/224.pdf,0.18211096133129095
937,898,646.pdf,train/646.pdf,0.1820972204669424
938,831,1066.pdf,train/1066.pdf,0.1819657835446108
939,1340,609.pdf,train/609.pdf,0.18189652042329182
940,75,2088.pdf,train/2088.pdf,0.1818492298060303
941,237,198.pdf,train/198.pdf,0.181842102504558
942,34,1190.pdf,train/1190.pdf,0.18181775925601132
943,944,124.pdf,train/124.pdf,0.18175744912895114
944,1490,780.pdf,train/780.pdf,0.1817444868875855
945,267,239.pdf,train/239.pdf,0.1816945902157768
946,830,1714.pdf,train/1714.pdf,0.1816609935356263
947,1421,597.pdf,train/597.pdf,0.18163649540554266
948,998,1512.pdf,train/1512.pdf,0.1815805353714317
949,1104,734.pdf,train/734.pdf,0.1814152034737784
950,145,1409.pdf,train/1409.pdf,0.18141214710693349
951,570,677.pdf,train/677.pdf,0.18140819589816914
952,1199,1007.pdf,train/1007.pdf,0.18138443374476648
953,1118,1947.pdf,train/1947.pdf,0.18135690341907668
954,609,2166.pdf,train/2166.pdf,0.18125909448455102
955,1109,2226.pdf,train/2226.pdf,0.181106392426568
956,1027,735.pdf,train/735.pdf,0.18106280751092335
957,1294,989.pdf,train/989.pdf,0.1810609507411883
958,715,701.pdf,train/701.pdf,0.18102218941403045
959,191,947.pdf,train/947.pdf,0.1810025840000732
960,384,665.pdf,train/665.pdf,0.18099126633113144
961,415,1643.pdf,train/1643.pdf,0.1809411956587756
962,690,1861.pdf,train/1861.pdf,0.1808015837918068
963,189,1592.pdf,train/1592.pdf,0.18075212495743462
964,837,733.pdf,train/733.pdf,0.18071314450916215
965,1110,244.pdf,train/244.pdf,0.18065507949821086
966,485,882.pdf,train/882.pdf,0.1806138856745712
967,188,760.pdf,train/760.pdf,0.1805920922371205
968,1237,1373.pdf,train/1373.pdf,0.18057077468965196
969,535,2215.pdf,train/2215.pdf,0.18055952537936334
970,771,491.pdf,train/491.pdf,0.1804807050460605
971,667,847.pdf,train/847.pdf,0.18043017811946416
972,668,853.pdf,train/853.pdf,0.18030424610365833
973,1150,343.pdf,train/343.pdf,0.18030247466011914
974,1459,2318.pdf,train/2318.pdf,0.1802584943109303
975,373,705.pdf,train/705.pdf,0.180187641157018
976,26,1345.pdf,train/1345.pdf,0.18016702485706101
977,1418,1995.pdf,train/1995.pdf,0.18015492887544646
978,661,1525.pdf,train/1525.pdf,0.18015371488890242
979,1170,430.pdf,train/430.pdf,0.18012552368892992
980,62,1422.pdf,train/1422.pdf,0.1800924271394644
981,1434,1573.pdf,train/1573.pdf,0.18003572485042227
982,135,1623.pdf,train/1623.pdf,0.17988779266686303
983,1249,1165.pdf,train/1165.pdf,0.17983144471378837
984,652,1727.pdf,train/1727.pdf,0.1798210194822772
985,23,1386.pdf,train/1386.pdf,0.1797485511634053
986,850,690.pdf,train/690.pdf,0.17972682363005058
987,513,698.pdf,train/698.pdf,0.17971940266763162
988,1258,1170.pdf,train/1170.pdf,0.17962697797504815
989,766,334.pdf,train/334.pdf,0.17956047587893448
990,725,503.pdf,train/503.pdf,0.17952135858330892
991,1231,1398.pdf,train/1398.pdf,0.17947931910451267
992,959,1473.pdf,train/1473.pdf,0.17932819620688303
993,552,267.pdf,train/267.pdf,0.17931224580839505
994,902,915.pdf,train/915.pdf,0.1792421484955539
995,993,643.pdf,train/643.pdf,0.17910803378314796
996,468,2228.pdf,train/2228.pdf,0.17892308564718032
997,524,1278.pdf,train/1278.pdf,0.17886917093200558
998,1081,2385.pdf,train/2385.pdf,0.17877997453206995
999,1321,1028.pdf,train/1028.pdf,0.17871971560217007
1000,1432,1201.pdf,train/1201.pdf,0.17851184787570773
1001,39,1153.pdf,train/1153.pdf,0.17848616799014358
1002,915,2208.pdf,train/2208.pdf,0.1783846412527962
1003,1070,1883.pdf,train/1883.pdf,0.17830643998022197
1004,1318,231.pdf,train/231.pdf,0.17828782000883647
1005,664,674.pdf,train/674.pdf,0.17818181193857557
1006,1429,2046.pdf,train/2046.pdf,0.17816669820133466
1007,432,1455.pdf,train/1455.pdf,0.17815259840733066
1008,114,188.pdf,train/188.pdf,0.17811789823557764
1009,1072,1129.pdf,train/1129.pdf,0.17811347723851204
1010,445,738.pdf,train/738.pdf,0.17810752183370307
1011,908,726.pdf,train/726.pdf,0.17808519118291735
1012,1351,1404.pdf,train/1404.pdf,0.1780816298630052
1013,1011,509.pdf,train/509.pdf,0.17807471380907922
1014,1292,2082.pdf,train/2082.pdf,0.1780122131448547
1015,1396,2087.pdf,train/2087.pdf,0.17794341520351306
1016,1346,52.pdf,train/52.pdf,0.17787428739990166
1017,198,1545.pdf,train/1545.pdf,0.177851753975827
1018,1239,2134.pdf,train/2134.pdf,0.17777928532288978
1019,1336,2079.pdf,train/2079.pdf,0.1777787240430877
1020,1393,2044.pdf,train/2044.pdf,0.1777331835351296
1021,287,1397.pdf,train/1397.pdf,0.17764563588932372
1022,1178,197.pdf,train/197.pdf,0.17758699649824727
1023,663,884.pdf,train/884.pdf,0.17754685850748037
1024,166,599.pdf,train/599.pdf,0.17751936515677982
1025,841,900.pdf,train/900.pdf,0.17749583675187006
1026,906,1517.pdf,train/1517.pdf,0.17742020720874177
1027,751,650.pdf,train/650.pdf,0.1773486651745345
1028,41,1621.pdf,train/1621.pdf,0.17734835250680572
1029,603,312.pdf,train/312.pdf,0.17732784975172838
1030,821,1919.pdf,train/1919.pdf,0.17729560637211295
1031,1063,1666.pdf,train/1666.pdf,0.17726751937582774
1032,585,313.pdf,train/313.pdf,0.17725515936117572
1033,293,824.pdf,train/824.pdf,0.17717747228681655
1034,12,969.pdf,train/969.pdf,0.17716936663214505
1035,282,1208.pdf,train/1208.pdf,0.1770060680254759
1036,707,1530.pdf,train/1530.pdf,0.17698994157317918
1037,1458,385.pdf,train/385.pdf,0.17693898727718912
1038,1017,245.pdf,train/245.pdf,0.17689090576435043
1039,640,1916.pdf,train/1916.pdf,0.1768812109419383
1040,660,2004.pdf,train/2004.pdf,0.17679781064101957
1041,146,2100.pdf,train/2100.pdf,0.17677634581244803
1042,1131,1204.pdf,train/1204.pdf,0.1767738560053144
1043,460,504.pdf,train/504.pdf,0.1767293767549586
1044,1438,92.pdf,train/92.pdf,0.1766667191794857
1045,1288,2069.pdf,train/2069.pdf,0.17650731335048245
1046,51,1185.pdf,train/1185.pdf,0.17638851822753598
1047,617,1484.pdf,train/1484.pdf,0.17634253466470287
1048,1299,1038.pdf,train/1038.pdf,0.17631393902918735
1049,638,1902.pdf,train/1902.pdf,0.1763033034628538
1050,754,1313.pdf,train/1313.pdf,0.176267302349969
1051,178,1948.pdf,train/1948.pdf,0.17620651679312094
1052,214,370.pdf,train/370.pdf,0.17611681493609288
1053,175,2299.pdf,train/2299.pdf,0.17604928582409127
1054,467,1721.pdf,train/1721.pdf,0.17601953529053027
1055,157,2048.pdf,train/2048.pdf,0.17593512221771263
1056,700,675.pdf,train/675.pdf,0.17590496033981526
1057,490,841.pdf,train/841.pdf,0.17590216420469656
1058,312,1619.pdf,train/1619.pdf,0.17587151964374714
1059,1483,44.pdf,train/44.pdf,0.17579854187106161
1060,703,661.pdf,train/661.pdf,0.17579143804188968
1061,501,2374.pdf,train/2374.pdf,0.1757059729866889
1062,170,1780.pdf,train/1780.pdf,0.17568631812792224
1063,637,500.pdf,train/500.pdf,0.17559826380888874
1064,590,2365.pdf,train/2365.pdf,0.1755528808927511
1065,1279,619.pdf,train/619.pdf,0.1754718473977723
1066,862,2369.pdf,train/2369.pdf,0.1754421472640499
1067,1402,1997.pdf,train/1997.pdf,0.17542466265012624
1068,1295,751.pdf,train/751.pdf,0.17538604032143557
1069,305,1618.pdf,train/1618.pdf,0.17520304056351313
1070,64,1387.pdf,train/1387.pdf,0.17507081229737811
1071,860,1847.pdf,train/1847.pdf,0.17495334009453867
1072,813,731.pdf,train/731.pdf,0.17493724372782282
1073,649,2206.pdf,train/2206.pdf,0.17491106576418963
1074,1196,2254.pdf,train/2254.pdf,0.17480730914381976
1075,643,516.pdf,train/516.pdf,0.17480409233003863
1076,760,2140.pdf,train/2140.pdf,0.17468102810754688
1077,753,2183.pdf,train/2183.pdf,0.17466496736847306
1078,504,2375.pdf,train/2375.pdf,0.1746517986450678
1079,1431,795.pdf,train/795.pdf,0.17456668351858803
1080,413,2362.pdf,train/2362.pdf,0.1744387762727077
1081,263,205.pdf,train/205.pdf,0.1743244745035803
1082,109,639.pdf,train/639.pdf,0.1742603995149881
1083,1298,2257.pdf,train/2257.pdf,0.174227863478011
1084,395,1326.pdf,train/1326.pdf,0.17421732882947172
1085,893,691.pdf,train/691.pdf,0.17414870395531667
1086,544,539.pdf,train/539.pdf,0.1741265708777187
1087,251,1578.pdf,train/1578.pdf,0.17405542867933957
1088,1293,779.pdf,train/779.pdf,0.1739552119954652
1089,352,2264.pdf,train/2264.pdf,0.17393623397039573
1090,1291,1212.pdf,train/1212.pdf,0.1738258859498269
1091,1076,442.pdf,train/442.pdf,0.17374187015206835
1092,515,1456.pdf,train/1456.pdf,0.17359463791675417
1093,929,2230.pdf,train/2230.pdf,0.1735936587375214
1094,858,451.pdf,train/451.pdf,0.17358291623690644
1095,461,510.pdf,train/510.pdf,0.17340347662325264
1096,30,1379.pdf,train/1379.pdf,0.17337673302648227
1097,1010,247.pdf,train/247.pdf,0.17336839680207694
1098,391,659.pdf,train/659.pdf,0.17326487925512335
1099,745,2020.pdf,train/2020.pdf,0.17324300221678654
1100,1277,1400.pdf,train/1400.pdf,0.17322535761631108
1101,1142,1370.pdf,train/1370.pdf,0.17314473248208018
1102,1051,1699.pdf,train/1699.pdf,0.1731346095058567
1103,1041,2145.pdf,train/2145.pdf,0.17304511507461323
1104,78,2261.pdf,train/2261.pdf,0.17300579715412925
1105,1123,586.pdf,train/586.pdf,0.1729312834554433
1106,1154,1833.pdf,train/1833.pdf,0.17281234139785975
1107,1226,2040.pdf,train/2040.pdf,0.1727055924426455
1108,921,518.pdf,train/518.pdf,0.17268688472969795
1109,827,519.pdf,train/519.pdf,0.17267414975351178
1110,735,1703.pdf,train/1703.pdf,0.17260108385739661
1111,798,1306.pdf,train/1306.pdf,0.1724161444595825
1112,362,1093.pdf,train/1093.pdf,0.17240481646246836
1113,173,1794.pdf,train/1794.pdf,0.17239448543343722
1114,381,2015.pdf,train/2015.pdf,0.17232294227105185
1115,808,1266.pdf,train/1266.pdf,0.17220557589163743
1116,1275,2109.pdf,train/2109.pdf,0.17218515163800346
1117,1404,556.pdf,train/556.pdf,0.17214093807885444
1118,1341,85.pdf,train/85.pdf,0.17210457388163042
1119,1259,1164.pdf,train/1164.pdf,0.1720997439118913
1120,815,1070.pdf,train/1070.pdf,0.17189353321240378
1121,679,1109.pdf,train/1109.pdf,0.17177325872871388
1122,499,1133.pdf,train/1133.pdf,0.17169471492156052
1123,276,2271.pdf,train/2271.pdf,0.1716622708298578
1124,952,1467.pdf,train/1467.pdf,0.17155854663141523
1125,20,1392.pdf,train/1392.pdf,0.17155574453426764
1126,631,2238.pdf,train/2238.pdf,0.17149084010891952
1127,1218,1039.pdf,train/1039.pdf,0.1714388300860053
1128,561,717.pdf,train/717.pdf,0.17131812356997575
1129,975,482.pdf,train/482.pdf,0.17128569069537677
1130,463,276.pdf,train/276.pdf,0.17125847657245952
1131,556,1718.pdf,train/1718.pdf,0.17125082392995586
1132,115,836.pdf,train/836.pdf,0.1711052050409501
1133,1251,1603.pdf,train/1603.pdf,0.17105635686879556
1134,1153,419.pdf,train/419.pdf,0.17090480476000086
1135,688,463.pdf,train/463.pdf,0.17089218181658766
1136,880,2397.pdf,train/2397.pdf,0.17077766303893388
1137,820,527.pdf,train/527.pdf,0.1706208254270243
1138,104,2061.pdf,train/2061.pdf,0.17054820401847837
1139,195,1237.pdf,train/1237.pdf,0.1704708523597338
1140,10,766.pdf,train/766.pdf,0.1703745614506597
1141,933,1705.pdf,train/1705.pdf,0.1703744441976897
1142,465,538.pdf,train/538.pdf,0.1702874728612568
1143,1319,1996.pdf,train/1996.pdf,0.170270365609741
1144,1175,801.pdf,train/801.pdf,0.16997596668621762
1145,662,1257.pdf,train/1257.pdf,0.16995367750454976
1146,1248,368.pdf,train/368.pdf,0.16981091071607912
1147,88,567.pdf,train/567.pdf,0.1697099392844685
1148,120,361.pdf,train/361.pdf,0.169541800206315
1149,433,894.pdf,train/894.pdf,0.16949846494815604
1150,347,2258.pdf,train/2258.pdf,0.1694933761470929
1151,557,1056.pdf,train/1056.pdf,0.16936155742465064
1152,861,1853.pdf,train/1853.pdf,0.16930953180030836
1153,91,1781.pdf,train/1781.pdf,0.16927507756683743
1154,1433,1567.pdf,train/1567.pdf,0.16925588468093516
1155,301,429.pdf,train/429.pdf,0.16911807617658284
1156,233,1815.pdf,train/1815.pdf,0.16899054365292462
1157,508,465.pdf,train/465.pdf,0.1689830500273963
1158,565,1532.pdf,train/1532.pdf,0.16889741865397892
1159,842,914.pdf,train/914.pdf,0.1688499314012586
1160,1301,590.pdf,train/590.pdf,0.1687904160233387
1161,732,240.pdf,train/240.pdf,0.16873071880272655
1162,1090,27.pdf,train/27.pdf,0.1685195361087154
1163,1443,79.pdf,train/79.pdf,0.16845232196942367
1164,1106,1075.pdf,train/1075.pdf,0.16835794752825817
1165,1304,584.pdf,train/584.pdf,0.16835412347424306
1166,327,1369.pdf,train/1369.pdf,0.1682471315600223
1167,235,1430.pdf,train/1430.pdf,0.16821786183253146
1168,1182,96.pdf,train/96.pdf,0.1681420841153156
1169,15,2076.pdf,train/2076.pdf,0.16795275155832085
1170,314,2304.pdf,train/2304.pdf,0.167946765503793
1171,383,922.pdf,train/922.pdf,0.16790800689767327
1172,103,1540.pdf,train/1540.pdf,0.1678953021786905
1173,76,773.pdf,train/773.pdf,0.16769901014427183
1174,345,986.pdf,train/986.pdf,0.16766312208649625
1175,1223,1213.pdf,train/1213.pdf,0.16760454156112553
1176,701,113.pdf,train/113.pdf,0.1675857467059558
1177,512,2163.pdf,train/2163.pdf,0.16743288539945148
1178,783,1689.pdf,train/1689.pdf,0.1673656822630828
1179,877,2368.pdf,train/2368.pdf,0.16735944273940997
1180,736,297.pdf,train/297.pdf,0.16724682892824635
1181,403,1859.pdf,train/1859.pdf,0.16723071751788485
1182,338,2066.pdf,train/2066.pdf,0.16715078596606217
1183,809,2009.pdf,train/2009.pdf,0.1671398188356542
1184,1452,420.pdf,train/420.pdf,0.16713409873254914
1185,1276,194.pdf,train/194.pdf,0.1670701889923561
1186,608,845.pdf,train/845.pdf,0.16703974821468778
1187,376,1246.pdf,train/1246.pdf,0.1669577775200791
1188,390,881.pdf,train/881.pdf,0.16687851737465098
1189,1208,234.pdf,train/234.pdf,0.16678940524810307
1190,220,1155.pdf,train/1155.pdf,0.1666468001145089
1191,941,1261.pdf,train/1261.pdf,0.1665620883774764
1192,58,820.pdf,train/820.pdf,0.1665611273915842
1193,776,2356.pdf,train/2356.pdf,0.16651529659851577
1194,1073,2346.pdf,train/2346.pdf,0.16648107961072503
1195,576,1308.pdf,train/1308.pdf,0.16646683531129963
1196,1372,1363.pdf,train/1363.pdf,0.16642371257021607
1197,134,1145.pdf,train/1145.pdf,0.16637509011709276
1198,900,134.pdf,train/134.pdf,0.16628298591313503
1199,1117,545.pdf,train/545.pdf,0.16625464141498691
1200,471,289.pdf,train/289.pdf,0.1662088298221395
1201,1493,794.pdf,train/794.pdf,0.1661880496614467
1202,1390,1571.pdf,train/1571.pdf,0.1661681713982479
1203,739,2236.pdf,train/2236.pdf,0.16611048737343057
1204,111,1420.pdf,train/1420.pdf,0.1660032453033416
1205,1139,97.pdf,train/97.pdf,0.16598886322927228
1206,833,1700.pdf,train/1700.pdf,0.16587604537795556
1207,696,1336.pdf,train/1336.pdf,0.16586386284504528
1208,377,2029.pdf,train/2029.pdf,0.16576336923556487
1209,1379,620.pdf,train/620.pdf,0.1657518069860298
1210,423,1694.pdf,train/1694.pdf,0.16572068324791794
1211,142,1838.pdf,train/1838.pdf,0.16565642013453946
1212,1122,2269.pdf,train/2269.pdf,0.1656273092665731
1213,901,2036.pdf,train/2036.pdf,0.1656127400697679
1214,1105,1713.pdf,train/1713.pdf,0.1655827626908714
1215,416,1131.pdf,train/1131.pdf,0.16550476821230392
1216,141,374.pdf,train/374.pdf,0.16542318789673138
1217,851,1462.pdf,train/1462.pdf,0.16539653438199234
1218,744,2034.pdf,train/2034.pdf,0.16530323285733656
1219,654,728.pdf,train/728.pdf,0.16524960393753207
1220,785,335.pdf,train/335.pdf,0.16519679450977356
1221,593,2358.pdf,train/2358.pdf,0.1651305800271889
1222,709,1242.pdf,train/1242.pdf,0.1650566101456938
1223,1171,424.pdf,train/424.pdf,0.1650368235993634
1224,816,1716.pdf,train/1716.pdf,0.16501461397196718
1225,1047,682.pdf,train/682.pdf,0.16483591813825102
1226,1453,434.pdf,train/434.pdf,0.16471984823738944
1227,100,995.pdf,train/995.pdf,0.16459729915505972
1228,1337,1564.pdf,train/1564.pdf,0.1645077665412203
1229,726,1097.pdf,train/1097.pdf,0.164498950322345
1230,199,628.pdf,train/628.pdf,0.16446625674165605
1231,794,2141.pdf,train/2141.pdf,0.1644285307993151
1232,291,1383.pdf,train/1383.pdf,0.16422162355089456
1233,687,1685.pdf,train/1685.pdf,0.1640824934355785
1234,130,1179.pdf,train/1179.pdf,0.16402105402202982
1235,578,1320.pdf,train/1320.pdf,0.16396853990711405
1236,378,1520.pdf,train/1520.pdf,0.1639643769382757
1237,684,2373.pdf,train/2373.pdf,0.16386194512439323
1238,1306,1951.pdf,train/1951.pdf,0.1638132311742212
1239,1400,1983.pdf,train/1983.pdf,0.16366557798482298
1240,888,1339.pdf,train/1339.pdf,0.1635609428683511
1241,749,136.pdf,train/136.pdf,0.1635130564252218
1242,680,2366.pdf,train/2366.pdf,0.16341422941161743
1243,1446,1407.pdf,train/1407.pdf,0.16330927779316853
1244,823,533.pdf,train/533.pdf,0.16316750445570363
1245,1320,2247.pdf,train/2247.pdf,0.16308669118455052
1246,396,842.pdf,train/842.pdf,0.16300976911434217
1247,126,1150.pdf,train/1150.pdf,0.1630002079619836
1248,1136,141.pdf,train/141.pdf,0.1629722595528674
1249,784,2380.pdf,train/2380.pdf,0.16294448862472344
1250,303,1181.pdf,train/1181.pdf,0.16289534701589745
1251,1467,2319.pdf,train/2319.pdf,0.16266270185101572
1252,517,129.pdf,train/129.pdf,0.16263387112940791
1253,324,2112.pdf,train/2112.pdf,0.16263275511230538
1254,245,1381.pdf,train/1381.pdf,0.1625813924670054
1255,441,2014.pdf,train/2014.pdf,0.16247449814019693
1256,1423,2091.pdf,train/2091.pdf,0.1624531641252503
1257,1448,1836.pdf,train/1836.pdf,0.16241875972326061
1258,300,1340.pdf,train/1340.pdf,0.16238151036412335
1259,1102,913.pdf,train/913.pdf,0.16225415252014866
1260,773,1893.pdf,train/1893.pdf,0.16223353069414395
1261,180,210.pdf,train/210.pdf,0.1622117738541513
1262,573,10.pdf,train/10.pdf,0.16221136225643573
1263,676,304.pdf,train/304.pdf,0.16217829798198916
1264,1386,797.pdf,train/797.pdf,0.16217110355765957
1265,482,1494.pdf,train/1494.pdf,0.16213724324648457
1266,985,2386.pdf,train/2386.pdf,0.16209488401112399
1267,1316,543.pdf,train/543.pdf,0.1620504449410213
1268,412,1119.pdf,train/1119.pdf,0.16203669492602413
1269,678,1684.pdf,train/1684.pdf,0.16203600869466697
1270,967,2350.pdf,train/2350.pdf,0.16186608220682477
1271,875,487.pdf,train/487.pdf,0.16183303885788075
1272,1112,1934.pdf,train/1934.pdf,0.16170017665235129
1273,755,1475.pdf,train/1475.pdf,0.16168940620232275
1274,762,37.pdf,train/37.pdf,0.16167993131631564
1275,139,412.pdf,train/412.pdf,0.16154077632501798
1276,447,2202.pdf,train/2202.pdf,0.16152377927521547
1277,1006,2219.pdf,train/2219.pdf,0.16149837377234758
1278,1008,535.pdf,train/535.pdf,0.16143166540900963
1279,1039,655.pdf,train/655.pdf,0.1611894283478756
1280,1383,90.pdf,train/90.pdf,0.16118003092377503
1281,960,468.pdf,train/468.pdf,0.16116746437476284
1282,48,439.pdf,train/439.pdf,0.16099571645099073
1283,1377,2130.pdf,train/2130.pdf,0.1609252949870423
1284,1085,33.pdf,train/33.pdf,0.16090408335707898
1285,628,1725.pdf,train/1725.pdf,0.16087176503773423
1286,1094,640.pdf,train/640.pdf,0.16076393841710263
1287,1430,965.pdf,train/965.pdf,0.160727251353458
1288,407,1656.pdf,train/1656.pdf,0.16069450502723093
1289,705,1256.pdf,train/1256.pdf,0.16056211064882106
1290,437,664.pdf,train/664.pdf,0.1605195631213457
1291,18,799.pdf,train/799.pdf,0.16049598643372773
1292,803,1528.pdf,train/1528.pdf,0.1602133054627306
1293,999,1274.pdf,train/1274.pdf,0.1601843787507516
1294,49,1813.pdf,train/1813.pdf,0.16015779822594883
1295,344,1584.pdf,train/1584.pdf,0.16003166868495175
1296,1482,50.pdf,train/50.pdf,0.15995107432285632
1297,1314,1941.pdf,train/1941.pdf,0.15984061795911983
1298,53,363.pdf,train/363.pdf,0.15983864083610053
1299,107,605.pdf,train/605.pdf,0.1598245611716287
1300,443,1521.pdf,train/1521.pdf,0.15979021274569688
1301,1124,1984.pdf,train/1984.pdf,0.15964099458265615
1302,1381,1388.pdf,train/1388.pdf,0.15952023554502343
1303,1207,220.pdf,train/220.pdf,0.15951538580123512
1304,1254,2322.pdf,train/2322.pdf,0.15947506839550127
1305,284,1546.pdf,train/1546.pdf,0.1591864072769195
1306,299,1432.pdf,train/1432.pdf,0.15911403036799998
1307,982,441.pdf,train/441.pdf,0.15907392226718164
1308,1230,142.pdf,train/142.pdf,0.15887394359898138
1309,444,2028.pdf,train/2028.pdf,0.15885124433450432
1310,950,865.pdf,train/865.pdf,0.15865968482332835
1311,1289,1574.pdf,train/1574.pdf,0.1585888762155582
1312,226,2307.pdf,train/2307.pdf,0.15854034261765818
1313,594,1889.pdf,train/1889.pdf,0.15853645145476455
1314,1158,2309.pdf,train/2309.pdf,0.15837017416079976
1315,987,18.pdf,train/18.pdf,0.15834685670935175
1316,1300,1992.pdf,train/1992.pdf,0.15824697294457507
1317,466,1053.pdf,train/1053.pdf,0.15817412707953166
1318,334,1553.pdf,train/1553.pdf,0.15815678198922922
1319,67,607.pdf,train/607.pdf,0.15808215013557422
1320,801,645.pdf,train/645.pdf,0.15807655070940158
1321,97,1756.pdf,train/1756.pdf,0.15798151543764005
1322,647,502.pdf,train/502.pdf,0.15794147434241246
1323,1422,1017.pdf,train/1017.pdf,0.15790437036276395
1324,991,24.pdf,train/24.pdf,0.15768464432681542
1325,1391,2050.pdf,train/2050.pdf,0.157678525076491
1326,411,1118.pdf,train/1118.pdf,0.15767203327063936
1327,917,1073.pdf,train/1073.pdf,0.15751655131972225
1328,575,850.pdf,train/850.pdf,0.157420943799663
1329,1491,958.pdf,train/958.pdf,0.15732566360006353
1330,1135,960.pdf,train/960.pdf,0.15732541340876555
1331,497,2348.pdf,train/2348.pdf,0.15727687012268887
1332,1342,1389.pdf,train/1389.pdf,0.15717121456328717
1333,459,512.pdf,train/512.pdf,0.15702034387807545
1334,1354,1835.pdf,train/1835.pdf,0.15698762776724734
1335,926,520.pdf,train/520.pdf,0.15692582905259558
1336,1129,1589.pdf,train/1589.pdf,0.15688413322390643
1337,802,2021.pdf,train/2021.pdf,0.1568758063356175
1338,77,1768.pdf,train/1768.pdf,0.1567679022472184
1339,408,1124.pdf,train/1124.pdf,0.15674060150469274
1340,889,1477.pdf,train/1477.pdf,0.1566876126862709
1341,456,1938.pdf,train/1938.pdf,0.1566627482044047
1342,1327,2092.pdf,train/2092.pdf,0.15645357313195205
1343,1419,1765.pdf,train/1765.pdf,0.1564220403995714
1344,93,573.pdf,train/573.pdf,0.15619976811521796
1345,311,1157.pdf,train/1157.pdf,0.15610388417898946
1346,1086,2150.pdf,train/2150.pdf,0.1560334779575598
1347,143,823.pdf,train/823.pdf,0.1559919615268786
1348,913,295.pdf,train/295.pdf,0.1558902616170535
1349,1339,91.pdf,train/91.pdf,0.15586975985670806
1350,31,75.pdf,train/75.pdf,0.15572894043905555
1351,1198,587.pdf,train/587.pdf,0.15567416255001115
1352,526,2003.pdf,train/2003.pdf,0.15564238666703598
1353,1191,2095.pdf,train/2095.pdf,0.15539296930740992
1354,651,1041.pdf,train/1041.pdf,0.15528736187546122
1355,250,2059.pdf,train/2059.pdf,0.1552377048830891
1356,710,926.pdf,train/926.pdf,0.1552065987828179
1357,496,1872.pdf,train/1872.pdf,0.15510154376625226
1358,721,1068.pdf,train/1068.pdf,0.1550625390080964
1359,1287,1560.pdf,train/1560.pdf,0.1550617280145849
1360,1119,1006.pdf,train/1006.pdf,0.1549685198278168
1361,192,2064.pdf,train/2064.pdf,0.15495485969577427
1362,474,1251.pdf,train/1251.pdf,0.15488976994358636
1363,1479,78.pdf,train/78.pdf,0.1548227039679703
1364,1134,1238.pdf,train/1238.pdf,0.15481258587390245
1365,196,2058.pdf,train/2058.pdf,0.15469084849534406
1366,1425,2085.pdf,train/2085.pdf,0.15467577447153885
1367,630,1731.pdf,train/1731.pdf,0.1546024031264411
1368,1107,293.pdf,train/293.pdf,0.15440259909790469
1369,595,1651.pdf,train/1651.pdf,0.15423328953061013
1370,1001,2033.pdf,train/2033.pdf,0.1541714041054596
1371,1309,547.pdf,train/547.pdf,0.15410340082733684
1372,1057,1128.pdf,train/1128.pdf,0.1539172219410294
1373,168,1025.pdf,train/1025.pdf,0.15355450057740375
1374,742,1501.pdf,train/1501.pdf,0.153169229774699
1375,555,2205.pdf,train/2205.pdf,0.15310162331950336
1376,650,1069.pdf,train/1069.pdf,0.15308151758929767
1377,560,1283.pdf,train/1283.pdf,0.15301535259863958
1378,1192,746.pdf,train/746.pdf,0.1528305623970714
1379,302,1195.pdf,train/1195.pdf,0.15282143828626443
1380,670,1445.pdf,train/1445.pdf,0.1527833725618653
1381,1235,2108.pdf,train/2108.pdf,0.1526452893458206
1382,779,1892.pdf,train/1892.pdf,0.15249503655537294
1383,1505,1764.pdf,train/1764.pdf,0.15246128653470023
1384,27,49.pdf,train/49.pdf,0.15212817661688977
1385,793,1448.pdf,train/1448.pdf,0.15206041927200345
1386,568,1526.pdf,train/1526.pdf,0.1518862032524117
1387,165,1019.pdf,train/1019.pdf,0.15167608796159088
1388,172,566.pdf,train/566.pdf,0.15159482976209054
1389,1097,2193.pdf,train/2193.pdf,0.15155837842799869
1390,1500,2084.pdf,train/2084.pdf,0.15148868433944526
1391,1186,2042.pdf,train/2042.pdf,0.1511094648892824
1392,1193,752.pdf,train/752.pdf,0.15104072742096666
1393,970,1103.pdf,train/1103.pdf,0.15101304187165107
1394,389,671.pdf,train/671.pdf,0.15084185100437492
1395,796,2169.pdf,train/2169.pdf,0.15080564310819575
1396,36,1184.pdf,train/1184.pdf,0.15070817519232652
1397,454,1092.pdf,train/1092.pdf,0.15057158117614308
1398,184,589.pdf,train/589.pdf,0.15056652866025738
1399,586,1693.pdf,train/1693.pdf,0.15054652421723577
1400,1133,974.pdf,train/974.pdf,0.15046047545739805
1401,1222,2097.pdf,train/2097.pdf,0.15041741728241143
1402,622,2012.pdf,train/2012.pdf,0.15031592346350636
1403,1002,723.pdf,train/723.pdf,0.1502033913542527
1404,262,211.pdf,train/211.pdf,0.15004742244846547
1405,964,454.pdf,train/454.pdf,0.150035672723289
1406,719,1726.pdf,train/1726.pdf,0.14994680254737533
1407,843,135.pdf,train/135.pdf,0.14954495140868762
1408,1303,1010.pdf,train/1010.pdf,0.14946287865527297
1409,1016,251.pdf,train/251.pdf,0.14945766233930918
1410,1210,2281.pdf,train/2281.pdf,0.1494348856019223
1411,1101,2024.pdf,train/2024.pdf,0.14940481767319402
1412,1241,817.pdf,train/817.pdf,0.14936312165148624
1413,795,1460.pdf,train/1460.pdf,0.1493463241342434
1414,1389,2078.pdf,train/2078.pdf,0.14925872401086937
1415,1169,1826.pdf,train/1826.pdf,0.14907584683441907
1416,806,2035.pdf,train/2035.pdf,0.14903373754540694
1417,495,458.pdf,train/458.pdf,0.14898346585288536
1418,253,946.pdf,train/946.pdf,0.14897588214365495
1419,890,1311.pdf,train/1311.pdf,0.14894627195875954
1420,1221,2083.pdf,train/2083.pdf,0.14879372127449966
1421,428,17.pdf,train/17.pdf,0.14845771893647347
1422,1185,961.pdf,train/961.pdf,0.14804081629214222
1423,1183,140.pdf,train/140.pdf,0.14790181437050293
1424,615,104.pdf,train/104.pdf,0.1478783868469424
1425,1356,1809.pdf,train/1809.pdf,0.1478693524911038
1426,503,1668.pdf,train/1668.pdf,0.14763130063767352
1427,290,617.pdf,train/617.pdf,0.14756915672629756
1428,185,1753.pdf,train/1753.pdf,0.14753468113265228
1429,1476,1406.pdf,train/1406.pdf,0.14747587620198968
1430,21,606.pdf,train/606.pdf,0.14723566224755466
1431,1126,753.pdf,train/753.pdf,0.14706449703455465
1432,591,1122.pdf,train/1122.pdf,0.14671218054489213
1433,25,1437.pdf,train/1437.pdf,0.1465032358347996
1434,1363,2326.pdf,train/2326.pdf,0.14600830844385063
1435,190,774.pdf,train/774.pdf,0.14581515203623643
1436,1007,253.pdf,train/253.pdf,0.1457028537979338
1437,711,2005.pdf,train/2005.pdf,0.14563497492186261
1438,121,1193.pdf,train/1193.pdf,0.14554128302539734
1439,318,428.pdf,train/428.pdf,0.14540936046479372
1440,947,871.pdf,train/871.pdf,0.1453744905401327
1441,217,2312.pdf,train/2312.pdf,0.14525901518779938
1442,641,1900.pdf,train/1900.pdf,0.1450253801363956
1443,1009,521.pdf,train/521.pdf,0.14491750984184626
1444,117,1408.pdf,train/1408.pdf,0.1448482416839471
1445,40,1635.pdf,train/1635.pdf,0.144812937377174
1446,996,1499.pdf,train/1499.pdf,0.14477374148648328
1447,849,1304.pdf,train/1304.pdf,0.14435942300833943
1448,366,1905.pdf,train/1905.pdf,0.1439839080283813
1449,106,611.pdf,train/611.pdf,0.14395481802747895
1450,969,2344.pdf,train/2344.pdf,0.14369484606112257
1451,208,1431.pdf,train/1431.pdf,0.1436065122356602
1452,1265,1819.pdf,train/1819.pdf,0.14351797215852882
1453,1179,1403.pdf,train/1403.pdf,0.14338350168175792
1454,899,652.pdf,train/652.pdf,0.14335335302770205
1455,84,1967.pdf,train/1967.pdf,0.14279571132353305
1456,1,1966.pdf,train/1966.pdf,0.14271434442905803
1457,95,1965.pdf,train/1965.pdf,0.14220247576413844
1458,922,242.pdf,train/242.pdf,0.14194986214840613
1459,1271,56.pdf,train/56.pdf,0.1419344264384911
1460,477,909.pdf,train/909.pdf,0.14187385729875157
1461,434,658.pdf,train/658.pdf,0.14159348678135525
1462,718,1040.pdf,train/1040.pdf,0.14143978383782385
1463,1075,456.pdf,train/456.pdf,0.14143591201165626
1464,1380,634.pdf,train/634.pdf,0.14143216549708051
1465,655,700.pdf,train/700.pdf,0.14105103874259015
1466,430,1441.pdf,train/1441.pdf,0.14070548445143
1467,1012,1089.pdf,train/1089.pdf,0.14069093931473664
1468,562,924.pdf,train/924.pdf,0.14050618944121723
1469,330,616.pdf,train/616.pdf,0.14049921420397504
1470,231,1183.pdf,train/1183.pdf,0.14045307669186202
1471,464,1912.pdf,train/1912.pdf,0.140183109679416
1472,1068,1115.pdf,train/1115.pdf,0.14012515462023858
1473,269,1977.pdf,train/1977.pdf,0.14004560017633888
1474,1120,592.pdf,train/592.pdf,0.1398678805942514
1475,124,1622.pdf,train/1622.pdf,0.1397384619797058
1476,1048,1302.pdf,train/1302.pdf,0.1397071666118276
1477,878,1107.pdf,train/1107.pdf,0.13861757102328479
1478,1036,2192.pdf,train/2192.pdf,0.13806699460924343
1479,242,2111.pdf,train/2111.pdf,0.1380387666183985
1480,918,1098.pdf,train/1098.pdf,0.1375051870477887
1481,1495,2047.pdf,train/2047.pdf,0.1373455543311642
1482,1317,557.pdf,train/557.pdf,0.13730652273555236
1483,487,1443.pdf,train/1443.pdf,0.1365572182055514
1484,397,1468.pdf,train/1468.pdf,0.13648032967764745
1485,1474,409.pdf,train/409.pdf,0.1364755773701209
1486,81,1740.pdf,train/1740.pdf,0.13621172645742416
1487,108,163.pdf,train/163.pdf,0.13596129135461352
1488,1149,6.pdf,train/6.pdf,0.1351192302116831
1489,781,1676.pdf,train/1676.pdf,0.13439668927361764
1490,472,1292.pdf,train/1292.pdf,0.13414611022163947
1491,1440,150.pdf,train/150.pdf,0.13368623541717903
1492,333,164.pdf,train/164.pdf,0.13367828406379526
1493,550,529.pdf,train/529.pdf,0.13339144398876232
1494,211,1800.pdf,train/1800.pdf,0.13323425127234434
1495,1089,867.pdf,train/867.pdf,0.133134056183259
1496,1447,193.pdf,train/193.pdf,0.1327347007904444
1497,241,72.pdf,train/72.pdf,0.1325879975071673
1498,68,1393.pdf,train/1393.pdf,0.132163471663415
1499,1098,2187.pdf,train/2187.pdf,0.13130958184133104
1500,1180,1417.pdf,train/1417.pdf,0.1305745106427996
1501,976,496.pdf,train/496.pdf,0.1294083122480042
1502,1370,2118.pdf,train/2118.pdf,0.1289205987765453
1503,125,1636.pdf,train/1636.pdf,0.12889477682145145
1504,1460,1177.pdf,train/1177.pdf,0.12885553046596007
1505,1496,964.pdf,train/964.pdf,0.1280814184504323
1506,1357,345.pdf,train/345.pdf,0.12774901801808192
1507,1463,1605.pdf,train/1605.pdf,0.12746211193696214
1508,238,2105.pdf,train/2105.pdf,0.12742959179135865
1509,1343,635.pdf,train/635.pdf,0.12699232872707286
1510,1026,1289.pdf,train/1289.pdf,0.12431101153757494
1511,792,22.pdf,train/22.pdf,0.12338123174178219
1512,1397,1001.pdf,train/1001.pdf,0.12067060232160623
1513,1264,355.pdf,train/355.pdf,0.12021894476745967
1514,154,957.pdf,train/957.pdf,0.11813312268406957
1515,772,1105.pdf,train/1105.pdf,0.114003631299838
1516,962,2393.pdf,train/2393.pdf,0.1129569558016102
1517,1197,1775.pdf,train/1775.pdf,0.11284190281915571
1518,1224,1207.pdf,train/1207.pdf,0.112654323258643
1519,720,2207.pdf,train/2207.pdf,0.11107157580885349
